date,region,issuer,merchant_category,device_segment,attempts,successful_transactions,failed_transactions,gmv_cny,is_anomaly_window,is_synthetic
2025-01-01,East China,Issuer A,Retail,Recent phone,51,49,2,784.89,0,1
2025-01-01,East China,Issuer A,Retail,Older phone,51,49,2,974.08,0,1
2025-01-01,East China,Issuer A,Retail,Watch,40,38,2,734.13,0,1
2025-01-01,East China,Issuer A,Dining,Recent phone,58,55,3,1381.53,0,1
2025-01-01,East China,Issuer A,Dining,Older phone,53,50,3,1207.76,0,1
2025-01-01,East China,Issuer A,Dining,Watch,46,43,3,1038.47,0,1
2025-01-01,East China,Issuer A,Transit,Recent phone,56,54,2,1787.23,0,1
2025-01-01,East China,Issuer A,Transit,Older phone,58,55,3,1709.07,0,1
2025-01-01,East China,Issuer A,Transit,Watch,49,45,4,1411.57,0,1
2025-01-01,East China,Issuer A,Grocery,Recent phone,65,60,5,2230.56,0,1
2025-01-01,East China,Issuer A,Grocery,Older phone,69,68,1,2626.45,0,1
2025-01-01,East China,Issuer A,Grocery,Watch,51,48,3,1904.86,0,1
2025-01-01,East China,Issuer A,Digital,Recent phone,75,72,3,3253.79,0,1
2025-01-01,East China,Issuer A,Digital,Older phone,63,60,3,2743.49,0,1
2025-01-01,East China,Issuer A,Digital,Watch,50,47,3,2127.12,0,1
2025-01-01,East China,Issuer B,Retail,Recent phone,52,51,1,853.32,0,1
2025-01-01,East China,Issuer B,Retail,Older phone,44,41,3,727.65,0,1
2025-01-01,East China,Issuer B,Retail,Watch,40,39,1,640.17,0,1
2025-01-01,East China,Issuer B,Dining,Recent phone,53,50,3,1212.45,0,1
2025-01-01,East China,Issuer B,Dining,Older phone,57,54,3,1330.67,0,1
2025-01-01,East China,Issuer B,Dining,Watch,42,37,5,887.23,0,1
2025-01-01,East China,Issuer B,Transit,Recent phone,65,64,1,2088.49,0,1
2025-01-01,East China,Issuer B,Transit,Older phone,59,56,3,1773.89,0,1
2025-01-01,East China,Issuer B,Transit,Watch,45,44,1,1349.42,0,1
2025-01-01,East China,Issuer B,Grocery,Recent phone,69,66,3,2497.1,0,1
2025-01-01,East China,Issuer B,Grocery,Older phone,50,48,2,1858.65,0,1
2025-01-01,East China,Issuer B,Grocery,Watch,52,50,2,1876.48,0,1
2025-01-01,East China,Issuer B,Digital,Recent phone,75,72,3,3297.04,0,1
2025-01-01,East China,Issuer B,Digital,Older phone,68,64,4,2936.69,0,1
2025-01-01,East China,Issuer B,Digital,Watch,54,52,2,2495.29,0,1
2025-01-01,East China,Issuer C,Retail,Recent phone,52,49,3,796.98,0,1
2025-01-01,East China,Issuer C,Retail,Older phone,41,39,2,745.5,0,1
2025-01-01,East China,Issuer C,Retail,Watch,43,41,2,757.44,0,1
2025-01-01,East China,Issuer C,Dining,Recent phone,63,61,2,1496.8,0,1
2025-01-01,East China,Issuer C,Dining,Older phone,50,49,1,1254.98,0,1
2025-01-01,East China,Issuer C,Dining,Watch,33,32,1,828.09,0,1
2025-01-01,East China,Issuer C,Transit,Recent phone,64,62,2,1981.31,0,1
2025-01-01,East China,Issuer C,Transit,Older phone,54,52,2,1709.27,0,1
2025-01-01,East China,Issuer C,Transit,Watch,53,50,3,1578.04,0,1
2025-01-01,East China,Issuer C,Grocery,Recent phone,61,57,4,2110.65,0,1
2025-01-01,East China,Issuer C,Grocery,Older phone,56,54,2,2147.31,0,1
2025-01-01,East China,Issuer C,Grocery,Watch,53,50,3,1911.34,0,1
2025-01-01,East China,Issuer C,Digital,Recent phone,67,65,2,3014.71,0,1
2025-01-01,East China,Issuer C,Digital,Older phone,70,68,2,3031.67,0,1
2025-01-01,East China,Issuer C,Digital,Watch,55,52,3,2415.19,0,1
2025-01-01,East China,Issuer D,Retail,Recent phone,56,54,2,1013.76,0,1
2025-01-01,East China,Issuer D,Retail,Older phone,40,38,2,723.64,0,1
2025-01-01,East China,Issuer D,Retail,Watch,44,41,3,686.86,0,1
2025-01-01,East China,Issuer D,Dining,Recent phone,73,70,3,1815.59,0,1
2025-01-01,East China,Issuer D,Dining,Older phone,55,51,4,1294.21,0,1
2025-01-01,East China,Issuer D,Dining,Watch,39,36,3,929.39,0,1
2025-01-01,East China,Issuer D,Transit,Recent phone,55,53,2,1643.41,0,1
2025-01-01,East China,Issuer D,Transit,Older phone,57,54,3,1820.09,0,1
2025-01-01,East China,Issuer D,Transit,Watch,48,46,2,1534.63,0,1
2025-01-01,East China,Issuer D,Grocery,Recent phone,65,63,2,2339.93,0,1
2025-01-01,East China,Issuer D,Grocery,Older phone,57,56,1,2245.89,0,1
2025-01-01,East China,Issuer D,Grocery,Watch,53,49,4,1940.61,0,1
2025-01-01,East China,Issuer D,Digital,Recent phone,69,67,2,3085.69,0,1
2025-01-01,East China,Issuer D,Digital,Older phone,59,57,2,2585.65,0,1
2025-01-01,East China,Issuer D,Digital,Watch,60,55,5,2476.83,0,1
2025-01-01,North China,Issuer A,Retail,Recent phone,61,59,2,1125.54,0,1
2025-01-01,North China,Issuer A,Retail,Older phone,56,55,1,1115.37,0,1
2025-01-01,North China,Issuer A,Retail,Watch,41,38,3,804.96,0,1
2025-01-01,North China,Issuer A,Dining,Recent phone,63,60,3,1733.44,0,1
2025-01-01,North China,Issuer A,Dining,Older phone,58,57,1,1505.34,0,1
2025-01-01,North China,Issuer A,Dining,Watch,61,58,3,1655.55,0,1
2025-01-01,North China,Issuer A,Transit,Recent phone,78,74,4,2523.55,0,1
2025-01-01,North China,Issuer A,Transit,Older phone,66,66,0,2149.78,0,1
2025-01-01,North China,Issuer A,Transit,Watch,50,48,2,1605.99,0,1
2025-01-01,North China,Issuer A,Grocery,Recent phone,72,68,4,2850.92,0,1
2025-01-01,North China,Issuer A,Grocery,Older phone,61,59,2,2420.54,0,1
2025-01-01,North China,Issuer A,Grocery,Watch,64,60,4,2565.99,0,1
2025-01-01,North China,Issuer A,Digital,Recent phone,79,74,5,3491.33,0,1
2025-01-01,North China,Issuer A,Digital,Older phone,79,77,2,3791.43,0,1
2025-01-01,North China,Issuer A,Digital,Watch,60,58,2,2750.26,0,1
2025-01-01,North China,Issuer B,Retail,Recent phone,58,57,1,1253.5,0,1
2025-01-01,North China,Issuer B,Retail,Older phone,52,49,3,999.88,0,1
2025-01-01,North China,Issuer B,Retail,Watch,50,49,1,993.72,0,1
2025-01-01,North China,Issuer B,Dining,Recent phone,63,61,2,1552.88,0,1
2025-01-01,North China,Issuer B,Dining,Older phone,60,58,2,1490.06,0,1
2025-01-01,North China,Issuer B,Dining,Watch,37,34,3,873.91,0,1
2025-01-01,North China,Issuer B,Transit,Recent phone,73,71,2,2456.19,0,1
2025-01-01,North China,Issuer B,Transit,Older phone,59,56,3,1943.29,0,1
2025-01-01,North China,Issuer B,Transit,Watch,60,58,2,2049.58,0,1
2025-01-01,North China,Issuer B,Grocery,Recent phone,77,77,0,3255.05,0,1
2025-01-01,North China,Issuer B,Grocery,Older phone,67,63,4,2686.54,0,1
2025-01-01,North China,Issuer B,Grocery,Watch,52,50,2,2078.01,0,1
2025-01-01,North China,Issuer B,Digital,Recent phone,77,75,2,3684.57,0,1
2025-01-01,North China,Issuer B,Digital,Older phone,73,69,4,3221.39,0,1
2025-01-01,North China,Issuer B,Digital,Watch,58,55,3,2535.11,0,1
2025-01-01,North China,Issuer C,Retail,Recent phone,56,54,2,1063.01,0,1
2025-01-01,North China,Issuer C,Retail,Older phone,56,55,1,1001.22,0,1
2025-01-01,North China,Issuer C,Retail,Watch,51,50,1,1022.12,0,1
2025-01-01,North China,Issuer C,Dining,Recent phone,65,62,3,1598.42,0,1
2025-01-01,North China,Issuer C,Dining,Older phone,62,60,2,1734.43,0,1
2025-01-01,North China,Issuer C,Dining,Watch,47,45,2,1261.83,0,1
2025-01-01,North China,Issuer C,Transit,Recent phone,63,60,3,1948.34,0,1
2025-01-01,North China,Issuer C,Transit,Older phone,53,52,1,1759.67,0,1
2025-01-01,North China,Issuer C,Transit,Watch,53,52,1,1739.08,0,1
2025-01-01,North China,Issuer C,Grocery,Recent phone,68,65,3,2626.49,0,1
2025-01-01,North China,Issuer C,Grocery,Older phone,65,63,2,2639.44,0,1
2025-01-01,North China,Issuer C,Grocery,Watch,68,66,2,2577.52,0,1
2025-01-01,North China,Issuer C,Digital,Recent phone,79,75,4,3565.33,0,1
2025-01-01,North China,Issuer C,Digital,Older phone,74,70,4,3478.7,0,1
2025-01-01,North China,Issuer C,Digital,Watch,70,65,5,3149.41,0,1
2025-01-01,North China,Issuer D,Retail,Recent phone,67,64,3,1225.24,0,1
2025-01-01,North China,Issuer D,Retail,Older phone,53,51,2,1027.76,0,1
2025-01-01,North China,Issuer D,Retail,Watch,46,44,2,824.96,0,1
2025-01-01,North China,Issuer D,Dining,Recent phone,65,63,2,1819.97,0,1
2025-01-01,North China,Issuer D,Dining,Older phone,55,53,2,1333.83,0,1
2025-01-01,North China,Issuer D,Dining,Watch,52,49,3,1372.26,0,1
2025-01-01,North China,Issuer D,Transit,Recent phone,67,65,2,2199.57,0,1
2025-01-01,North China,Issuer D,Transit,Older phone,54,52,2,1787.95,0,1
2025-01-01,North China,Issuer D,Transit,Watch,66,62,4,2027.39,0,1
2025-01-01,North China,Issuer D,Grocery,Recent phone,74,69,5,2834.59,0,1
2025-01-01,North China,Issuer D,Grocery,Older phone,69,67,2,2685.75,0,1
2025-01-01,North China,Issuer D,Grocery,Watch,64,60,4,2419.38,0,1
2025-01-01,North China,Issuer D,Digital,Recent phone,71,68,3,3394.65,0,1
2025-01-01,North China,Issuer D,Digital,Older phone,72,70,2,3275.85,0,1
2025-01-01,North China,Issuer D,Digital,Watch,61,57,4,2689.27,0,1
2025-01-01,South China,Issuer A,Retail,Recent phone,82,78,4,1669.89,0,1
2025-01-01,South China,Issuer A,Retail,Older phone,56,54,2,1166.39,0,1
2025-01-01,South China,Issuer A,Retail,Watch,52,50,2,1084.83,0,1
2025-01-01,South China,Issuer A,Dining,Recent phone,71,69,2,2059.79,0,1
2025-01-01,South China,Issuer A,Dining,Older phone,72,70,2,1898.43,0,1
2025-01-01,South China,Issuer A,Dining,Watch,58,56,2,1523.91,0,1
2025-01-01,South China,Issuer A,Transit,Recent phone,78,75,3,2557.82,0,1
2025-01-01,South China,Issuer A,Transit,Older phone,73,70,3,2478.43,0,1
2025-01-01,South China,Issuer A,Transit,Watch,63,58,5,2115.42,0,1
2025-01-01,South China,Issuer A,Grocery,Recent phone,82,81,1,3574.14,0,1
2025-01-01,South China,Issuer A,Grocery,Older phone,82,80,2,3503.47,0,1
2025-01-01,South China,Issuer A,Grocery,Watch,74,70,4,3008.57,0,1
2025-01-01,South China,Issuer A,Digital,Recent phone,91,86,5,4146.07,0,1
2025-01-01,South China,Issuer A,Digital,Older phone,80,75,5,3762.42,0,1
2025-01-01,South China,Issuer A,Digital,Watch,73,67,6,3416.89,0,1
2025-01-01,South China,Issuer B,Retail,Recent phone,69,65,4,1307.49,0,1
2025-01-01,South China,Issuer B,Retail,Older phone,54,52,2,1090.41,0,1
2025-01-01,South China,Issuer B,Retail,Watch,52,51,1,1069.23,0,1
2025-01-01,South China,Issuer B,Dining,Recent phone,74,72,2,1995.3,0,1
2025-01-01,South China,Issuer B,Dining,Older phone,63,59,4,1791.12,0,1
2025-01-01,South China,Issuer B,Dining,Watch,55,51,4,1421.25,0,1
2025-01-01,South China,Issuer B,Transit,Recent phone,80,76,4,2840.65,0,1
2025-01-01,South China,Issuer B,Transit,Older phone,68,66,2,2304.13,0,1
2025-01-01,South China,Issuer B,Transit,Watch,60,57,3,2083.16,0,1
2025-01-01,South China,Issuer B,Grocery,Recent phone,88,83,5,3452.35,0,1
2025-01-01,South China,Issuer B,Grocery,Older phone,76,72,4,3015.35,0,1
2025-01-01,South China,Issuer B,Grocery,Watch,64,61,3,2693.9,0,1
2025-01-01,South China,Issuer B,Digital,Recent phone,86,82,4,4078.46,0,1
2025-01-01,South China,Issuer B,Digital,Older phone,87,84,3,4045.98,0,1
2025-01-01,South China,Issuer B,Digital,Watch,73,69,4,3503.22,0,1
2025-01-01,South China,Issuer C,Retail,Recent phone,60,57,3,1239.94,0,1
2025-01-01,South China,Issuer C,Retail,Older phone,57,53,4,1169.24,0,1
2025-01-01,South China,Issuer C,Retail,Watch,47,45,2,1025.75,0,1
2025-01-01,South China,Issuer C,Dining,Recent phone,74,72,2,2061.74,0,1
2025-01-01,South China,Issuer C,Dining,Older phone,61,57,4,1685.13,0,1
2025-01-01,South China,Issuer C,Dining,Watch,60,58,2,1581.85,0,1
2025-01-01,South China,Issuer C,Transit,Recent phone,69,64,5,2280.1,0,1
2025-01-01,South China,Issuer C,Transit,Older phone,80,79,1,2786.11,0,1
2025-01-01,South China,Issuer C,Transit,Watch,55,54,1,1990.75,0,1
2025-01-01,South China,Issuer C,Grocery,Recent phone,80,77,3,3429.44,0,1
2025-01-01,South China,Issuer C,Grocery,Older phone,76,72,4,3099.69,0,1
2025-01-01,South China,Issuer C,Grocery,Watch,64,62,2,2581.31,0,1
2025-01-01,South China,Issuer C,Digital,Recent phone,89,85,4,4356.77,0,1
2025-01-01,South China,Issuer C,Digital,Older phone,84,80,4,3847.18,0,1
2025-01-01,South China,Issuer C,Digital,Watch,72,69,3,3468.13,0,1
2025-01-01,South China,Issuer D,Retail,Recent phone,54,52,2,1060.08,0,1
2025-01-01,South China,Issuer D,Retail,Older phone,64,62,2,1460.19,0,1
2025-01-01,South China,Issuer D,Retail,Watch,45,41,4,825.2,0,1
2025-01-01,South China,Issuer D,Dining,Recent phone,79,77,2,2175.37,0,1
2025-01-01,South China,Issuer D,Dining,Older phone,62,60,2,1707.16,0,1
2025-01-01,South China,Issuer D,Dining,Watch,59,55,4,1674.11,0,1
2025-01-01,South China,Issuer D,Transit,Recent phone,73,71,2,2572.08,0,1
2025-01-01,South China,Issuer D,Transit,Older phone,67,64,3,2178.0,0,1
2025-01-01,South China,Issuer D,Transit,Watch,64,60,4,2152.36,0,1
2025-01-01,South China,Issuer D,Grocery,Recent phone,87,83,4,3553.99,0,1
2025-01-01,South China,Issuer D,Grocery,Older phone,74,72,2,3224.48,0,1
2025-01-01,South China,Issuer D,Grocery,Watch,68,64,4,2688.25,0,1
2025-01-01,South China,Issuer D,Digital,Recent phone,78,76,2,3940.24,0,1
2025-01-01,South China,Issuer D,Digital,Older phone,74,68,6,3460.43,0,1
2025-01-01,South China,Issuer D,Digital,Watch,76,71,5,3415.29,0,1
2025-01-01,West China,Issuer A,Retail,Recent phone,75,72,3,1825.68,0,1
2025-01-01,West China,Issuer A,Retail,Older phone,75,72,3,1831.18,0,1
2025-01-01,West China,Issuer A,Retail,Watch,73,67,6,1557.87,0,1
2025-01-01,West China,Issuer A,Dining,Recent phone,78,77,1,2407.65,0,1
2025-01-01,West China,Issuer A,Dining,Older phone,70,67,3,2096.77,0,1
2025-01-01,West China,Issuer A,Dining,Watch,63,59,4,1932.42,0,1
2025-01-01,West China,Issuer A,Transit,Recent phone,83,78,5,2822.54,0,1
2025-01-01,West China,Issuer A,Transit,Older phone,70,68,2,2460.58,0,1
2025-01-01,West China,Issuer A,Transit,Watch,75,72,3,2610.43,0,1
2025-01-01,West China,Issuer A,Grocery,Recent phone,84,80,4,3575.16,0,1
2025-01-01,West China,Issuer A,Grocery,Older phone,85,80,5,3509.77,0,1
2025-01-01,West China,Issuer A,Grocery,Watch,79,74,5,3399.02,0,1
2025-01-01,West China,Issuer A,Digital,Recent phone,94,91,3,4853.83,0,1
2025-01-01,West China,Issuer A,Digital,Older phone,82,79,3,4156.67,0,1
2025-01-01,West China,Issuer A,Digital,Watch,87,82,5,4106.45,0,1
2025-01-01,West China,Issuer B,Retail,Recent phone,77,75,2,1764.45,0,1
2025-01-01,West China,Issuer B,Retail,Older phone,78,75,3,1893.85,0,1
2025-01-01,West China,Issuer B,Retail,Watch,64,60,4,1420.2,0,1
2025-01-01,West China,Issuer B,Dining,Recent phone,82,81,1,2510.95,0,1
2025-01-01,West China,Issuer B,Dining,Older phone,76,72,4,2248.16,0,1
2025-01-01,West China,Issuer B,Dining,Watch,66,63,3,1984.97,0,1
2025-01-01,West China,Issuer B,Transit,Recent phone,79,75,4,2858.45,0,1
2025-01-01,West China,Issuer B,Transit,Older phone,78,73,5,2696.63,0,1
2025-01-01,West China,Issuer B,Transit,Watch,77,73,4,2854.22,0,1
2025-01-01,West China,Issuer B,Grocery,Recent phone,96,93,3,4217.47,0,1
2025-01-01,West China,Issuer B,Grocery,Older phone,83,78,5,3603.2,0,1
2025-01-01,West China,Issuer B,Grocery,Watch,68,65,3,2797.72,0,1
2025-01-01,West China,Issuer B,Digital,Recent phone,94,90,4,4672.79,0,1
2025-01-01,West China,Issuer B,Digital,Older phone,93,88,5,4727.28,0,1
2025-01-01,West China,Issuer B,Digital,Watch,79,73,6,3714.77,0,1
2025-01-01,West China,Issuer C,Retail,Recent phone,71,68,3,1536.74,0,1
2025-01-01,West China,Issuer C,Retail,Older phone,66,62,4,1570.78,0,1
2025-01-01,West China,Issuer C,Retail,Watch,61,59,2,1309.77,0,1
2025-01-01,West China,Issuer C,Dining,Recent phone,82,79,3,2511.47,0,1
2025-01-01,West China,Issuer C,Dining,Older phone,77,74,3,2319.45,0,1
2025-01-01,West China,Issuer C,Dining,Watch,61,55,6,1617.25,0,1
2025-01-01,West China,Issuer C,Transit,Recent phone,84,81,3,3050.38,0,1
2025-01-01,West China,Issuer C,Transit,Older phone,82,77,5,2913.58,0,1
2025-01-01,West China,Issuer C,Transit,Watch,79,74,5,2895.03,0,1
2025-01-01,West China,Issuer C,Grocery,Recent phone,84,80,4,3613.89,0,1
2025-01-01,West China,Issuer C,Grocery,Older phone,95,91,4,3925.08,0,1
2025-01-01,West China,Issuer C,Grocery,Watch,79,74,5,3407.06,0,1
2025-01-01,West China,Issuer C,Digital,Recent phone,97,93,4,4742.17,0,1
2025-01-01,West China,Issuer C,Digital,Older phone,85,79,6,4226.59,0,1
2025-01-01,West China,Issuer C,Digital,Watch,83,78,5,3910.42,0,1
2025-01-01,West China,Issuer D,Retail,Recent phone,71,67,4,1490.4,0,1
2025-01-01,West China,Issuer D,Retail,Older phone,66,62,4,1485.01,0,1
2025-01-01,West China,Issuer D,Retail,Watch,62,56,6,1380.55,0,1
2025-01-01,West China,Issuer D,Dining,Recent phone,79,74,5,2308.09,0,1
2025-01-01,West China,Issuer D,Dining,Older phone,73,69,4,2105.4,0,1
2025-01-01,West China,Issuer D,Dining,Watch,67,63,4,1981.9,0,1
2025-01-01,West China,Issuer D,Transit,Recent phone,79,76,3,2756.98,0,1
2025-01-01,West China,Issuer D,Transit,Older phone,77,73,4,2672.39,0,1
2025-01-01,West China,Issuer D,Transit,Watch,63,60,3,2265.12,0,1
2025-01-01,West China,Issuer D,Grocery,Recent phone,94,89,5,4151.67,0,1
2025-01-01,West China,Issuer D,Grocery,Older phone,91,88,3,3810.72,0,1
2025-01-01,West China,Issuer D,Grocery,Watch,80,76,4,3539.94,0,1
2025-01-01,West China,Issuer D,Digital,Recent phone,90,86,4,4455.01,0,1
2025-01-01,West China,Issuer D,Digital,Older phone,90,85,5,4513.94,0,1
2025-01-01,West China,Issuer D,Digital,Watch,82,78,4,4130.27,0,1
2025-01-02,East China,Issuer A,Retail,Recent phone,54,53,1,1021.43,0,1
2025-01-02,East China,Issuer A,Retail,Older phone,41,40,1,646.04,0,1
2025-01-02,East China,Issuer A,Retail,Watch,47,47,0,784.42,0,1
2025-01-02,East China,Issuer A,Dining,Recent phone,52,51,1,1300.77,0,1
2025-01-02,East China,Issuer A,Dining,Older phone,58,55,3,1330.91,0,1
2025-01-02,East China,Issuer A,Dining,Watch,43,40,3,929.42,0,1
2025-01-02,East China,Issuer A,Transit,Recent phone,64,61,3,1979.76,0,1
2025-01-02,East China,Issuer A,Transit,Older phone,62,60,2,1941.61,0,1
2025-01-02,East China,Issuer A,Transit,Watch,46,43,3,1341.1,0,1
2025-01-02,East China,Issuer A,Grocery,Recent phone,66,61,5,2294.54,0,1
2025-01-02,East China,Issuer A,Grocery,Older phone,55,51,4,1981.97,0,1
2025-01-02,East China,Issuer A,Grocery,Watch,56,52,4,1996.02,0,1
2025-01-02,East China,Issuer A,Digital,Recent phone,71,69,2,3091.54,0,1
2025-01-02,East China,Issuer A,Digital,Older phone,66,63,3,2816.22,0,1
2025-01-02,East China,Issuer A,Digital,Watch,58,54,4,2484.41,0,1
2025-01-02,East China,Issuer B,Retail,Recent phone,57,55,2,1049.25,0,1
2025-01-02,East China,Issuer B,Retail,Older phone,52,49,3,794.02,0,1
2025-01-02,East China,Issuer B,Retail,Watch,41,40,1,786.01,0,1
2025-01-02,East China,Issuer B,Dining,Recent phone,60,60,0,1571.53,0,1
2025-01-02,East China,Issuer B,Dining,Older phone,49,47,2,1227.85,0,1
2025-01-02,East China,Issuer B,Dining,Watch,45,43,2,1063.95,0,1
2025-01-02,East China,Issuer B,Transit,Recent phone,55,52,3,1619.09,0,1
2025-01-02,East China,Issuer B,Transit,Older phone,57,55,2,1661.9,0,1
2025-01-02,East China,Issuer B,Transit,Watch,46,44,2,1468.93,0,1
2025-01-02,East China,Issuer B,Grocery,Recent phone,70,68,2,2629.16,0,1
2025-01-02,East China,Issuer B,Grocery,Older phone,68,65,3,2439.19,0,1
2025-01-02,East China,Issuer B,Grocery,Watch,58,54,4,2050.55,0,1
2025-01-02,East China,Issuer B,Digital,Recent phone,72,70,2,3146.85,0,1
2025-01-02,East China,Issuer B,Digital,Older phone,61,59,2,2654.15,0,1
2025-01-02,East China,Issuer B,Digital,Watch,44,42,2,1974.44,0,1
2025-01-02,East China,Issuer C,Retail,Recent phone,50,50,0,959.64,0,1
2025-01-02,East China,Issuer C,Retail,Older phone,45,45,0,799.87,0,1
2025-01-02,East China,Issuer C,Retail,Watch,29,27,2,530.98,0,1
2025-01-02,East China,Issuer C,Dining,Recent phone,49,46,3,1072.1,0,1
2025-01-02,East China,Issuer C,Dining,Older phone,43,41,2,952.68,0,1
2025-01-02,East China,Issuer C,Dining,Watch,39,36,3,891.63,0,1
2025-01-02,East China,Issuer C,Transit,Recent phone,64,61,3,2069.48,0,1
2025-01-02,East China,Issuer C,Transit,Older phone,46,45,1,1371.09,0,1
2025-01-02,East China,Issuer C,Transit,Watch,50,46,4,1498.83,0,1
2025-01-02,East China,Issuer C,Grocery,Recent phone,70,67,3,2488.94,0,1
2025-01-02,East China,Issuer C,Grocery,Older phone,58,55,3,2237.15,0,1
2025-01-02,East China,Issuer C,Grocery,Watch,61,57,4,2295.17,0,1
2025-01-02,East China,Issuer C,Digital,Recent phone,64,63,1,2819.94,0,1
2025-01-02,East China,Issuer C,Digital,Older phone,65,60,5,2770.43,0,1
2025-01-02,East China,Issuer C,Digital,Watch,60,59,1,2812.43,0,1
2025-01-02,East China,Issuer D,Retail,Recent phone,45,45,0,861.82,0,1
2025-01-02,East China,Issuer D,Retail,Older phone,34,31,3,612.98,0,1
2025-01-02,East China,Issuer D,Retail,Watch,43,40,3,774.98,0,1
2025-01-02,East China,Issuer D,Dining,Recent phone,51,48,3,1157.34,0,1
2025-01-02,East China,Issuer D,Dining,Older phone,50,48,2,1106.22,0,1
2025-01-02,East China,Issuer D,Dining,Watch,38,37,1,889.44,0,1
2025-01-02,East China,Issuer D,Transit,Recent phone,60,60,0,1807.7,0,1
2025-01-02,East China,Issuer D,Transit,Older phone,64,60,4,1876.81,0,1
2025-01-02,East China,Issuer D,Transit,Watch,40,40,0,1295.2,0,1
2025-01-02,East China,Issuer D,Grocery,Recent phone,71,69,2,2572.14,0,1
2025-01-02,East China,Issuer D,Grocery,Older phone,55,55,0,2228.21,0,1
2025-01-02,East China,Issuer D,Grocery,Watch,49,47,2,1881.72,0,1
2025-01-02,East China,Issuer D,Digital,Recent phone,68,65,3,2965.16,0,1
2025-01-02,East China,Issuer D,Digital,Older phone,69,64,5,2854.03,0,1
2025-01-02,East China,Issuer D,Digital,Watch,60,56,4,2523.32,0,1
2025-01-02,North China,Issuer A,Retail,Recent phone,61,58,3,1121.81,0,1
2025-01-02,North China,Issuer A,Retail,Older phone,51,48,3,924.87,0,1
2025-01-02,North China,Issuer A,Retail,Watch,40,37,3,742.3,0,1
2025-01-02,North China,Issuer A,Dining,Recent phone,67,65,2,1756.03,0,1
2025-01-02,North China,Issuer A,Dining,Older phone,68,65,3,1675.7,0,1
2025-01-02,North China,Issuer A,Dining,Watch,47,45,2,1169.64,0,1
2025-01-02,North China,Issuer A,Transit,Recent phone,68,66,2,2262.79,0,1
2025-01-02,North China,Issuer A,Transit,Older phone,72,69,3,2244.02,0,1
2025-01-02,North China,Issuer A,Transit,Watch,52,49,3,1701.55,0,1
2025-01-02,North China,Issuer A,Grocery,Recent phone,65,63,2,2526.54,0,1
2025-01-02,North China,Issuer A,Grocery,Older phone,71,67,4,2804.4,0,1
2025-01-02,North China,Issuer A,Grocery,Watch,59,55,4,2225.88,0,1
2025-01-02,North China,Issuer A,Digital,Recent phone,73,71,2,3366.64,0,1
2025-01-02,North China,Issuer A,Digital,Older phone,78,75,3,3597.52,0,1
2025-01-02,North China,Issuer A,Digital,Watch,71,66,5,3278.73,0,1
2025-01-02,North China,Issuer B,Retail,Recent phone,53,52,1,967.07,0,1
2025-01-02,North China,Issuer B,Retail,Older phone,56,55,1,1147.62,0,1
2025-01-02,North China,Issuer B,Retail,Watch,49,46,3,1002.14,0,1
2025-01-02,North China,Issuer B,Dining,Recent phone,65,62,3,1765.68,0,1
2025-01-02,North China,Issuer B,Dining,Older phone,62,59,3,1512.83,0,1
2025-01-02,North China,Issuer B,Dining,Watch,48,46,2,1238.84,0,1
2025-01-02,North China,Issuer B,Transit,Recent phone,69,67,2,2394.73,0,1
2025-01-02,North China,Issuer B,Transit,Older phone,62,59,3,2093.81,0,1
2025-01-02,North China,Issuer B,Transit,Watch,57,53,4,1898.4,0,1
2025-01-02,North China,Issuer B,Grocery,Recent phone,79,77,2,3028.47,0,1
2025-01-02,North China,Issuer B,Grocery,Older phone,65,62,3,2513.6,0,1
2025-01-02,North China,Issuer B,Grocery,Watch,63,59,4,2508.59,0,1
2025-01-02,North China,Issuer B,Digital,Recent phone,73,72,1,3317.18,0,1
2025-01-02,North China,Issuer B,Digital,Older phone,66,63,3,2963.11,0,1
2025-01-02,North China,Issuer B,Digital,Watch,69,64,5,3041.53,0,1
2025-01-02,North China,Issuer C,Retail,Recent phone,57,54,3,1103.8,0,1
2025-01-02,North China,Issuer C,Retail,Older phone,47,44,3,958.83,0,1
2025-01-02,North China,Issuer C,Retail,Watch,38,37,1,670.2,0,1
2025-01-02,North China,Issuer C,Dining,Recent phone,63,60,3,1652.5,0,1
2025-01-02,North China,Issuer C,Dining,Older phone,51,47,4,1249.58,0,1
2025-01-02,North China,Issuer C,Dining,Watch,47,46,1,1257.07,0,1
2025-01-02,North China,Issuer C,Transit,Recent phone,68,65,3,2321.87,0,1
2025-01-02,North China,Issuer C,Transit,Older phone,60,56,4,1921.3,0,1
2025-01-02,North China,Issuer C,Transit,Watch,50,48,2,1714.36,0,1
2025-01-02,North China,Issuer C,Grocery,Recent phone,75,72,3,2986.98,0,1
2025-01-02,North China,Issuer C,Grocery,Older phone,68,67,1,2805.73,0,1
2025-01-02,North China,Issuer C,Grocery,Watch,60,56,4,2219.07,0,1
2025-01-02,North China,Issuer C,Digital,Recent phone,85,80,5,3788.06,0,1
2025-01-02,North China,Issuer C,Digital,Older phone,70,65,5,3235.28,0,1
2025-01-02,North China,Issuer C,Digital,Watch,69,67,2,3085.92,0,1
2025-01-02,North China,Issuer D,Retail,Recent phone,63,60,3,1088.17,0,1
2025-01-02,North China,Issuer D,Retail,Older phone,49,48,1,984.06,0,1
2025-01-02,North China,Issuer D,Retail,Watch,40,38,2,804.76,0,1
2025-01-02,North China,Issuer D,Dining,Recent phone,68,65,3,1765.63,0,1
2025-01-02,North China,Issuer D,Dining,Older phone,60,57,3,1593.72,0,1
2025-01-02,North China,Issuer D,Dining,Watch,44,41,3,1142.7,0,1
2025-01-02,North China,Issuer D,Transit,Recent phone,59,57,2,1881.31,0,1
2025-01-02,North China,Issuer D,Transit,Older phone,59,56,3,1883.82,0,1
2025-01-02,North China,Issuer D,Transit,Watch,50,46,4,1532.05,0,1
2025-01-02,North China,Issuer D,Grocery,Recent phone,74,71,3,2882.53,0,1
2025-01-02,North China,Issuer D,Grocery,Older phone,72,68,4,2726.29,0,1
2025-01-02,North China,Issuer D,Grocery,Watch,62,59,3,2441.06,0,1
2025-01-02,North China,Issuer D,Digital,Recent phone,81,78,3,3846.68,0,1
2025-01-02,North China,Issuer D,Digital,Older phone,72,68,4,3363.14,0,1
2025-01-02,North China,Issuer D,Digital,Watch,62,59,3,2720.74,0,1
2025-01-02,South China,Issuer A,Retail,Recent phone,67,64,3,1415.98,0,1
2025-01-02,South China,Issuer A,Retail,Older phone,62,58,4,1322.16,0,1
2025-01-02,South China,Issuer A,Retail,Watch,53,51,2,1183.99,0,1
2025-01-02,South China,Issuer A,Dining,Recent phone,75,71,4,2004.96,0,1
2025-01-02,South China,Issuer A,Dining,Older phone,64,62,2,1745.54,0,1
2025-01-02,South China,Issuer A,Dining,Watch,62,58,4,1747.92,0,1
2025-01-02,South China,Issuer A,Transit,Recent phone,79,75,4,2584.73,0,1
2025-01-02,South China,Issuer A,Transit,Older phone,70,67,3,2394.89,0,1
2025-01-02,South China,Issuer A,Transit,Watch,64,61,3,2271.12,0,1
2025-01-02,South China,Issuer A,Grocery,Recent phone,77,74,3,3124.18,0,1
2025-01-02,South China,Issuer A,Grocery,Older phone,84,81,3,3620.1,0,1
2025-01-02,South China,Issuer A,Grocery,Watch,68,65,3,2700.77,0,1
2025-01-02,South China,Issuer A,Digital,Recent phone,91,88,3,4408.4,0,1
2025-01-02,South China,Issuer A,Digital,Older phone,79,74,5,3577.15,0,1
2025-01-02,South China,Issuer A,Digital,Watch,71,67,4,3235.9,0,1
2025-01-02,South China,Issuer B,Retail,Recent phone,73,69,4,1610.83,0,1
2025-01-02,South China,Issuer B,Retail,Older phone,59,57,2,1160.93,0,1
2025-01-02,South China,Issuer B,Retail,Watch,58,56,2,1311.27,0,1
2025-01-02,South China,Issuer B,Dining,Recent phone,83,82,1,2320.77,0,1
2025-01-02,South China,Issuer B,Dining,Older phone,62,59,3,1634.25,0,1
2025-01-02,South China,Issuer B,Dining,Watch,56,53,3,1541.23,0,1
2025-01-02,South China,Issuer B,Transit,Recent phone,75,72,3,2460.32,0,1
2025-01-02,South China,Issuer B,Transit,Older phone,65,62,3,2187.32,0,1
2025-01-02,South China,Issuer B,Transit,Watch,57,55,2,1939.94,0,1
2025-01-02,South China,Issuer B,Grocery,Recent phone,77,76,1,3306.42,0,1
2025-01-02,South China,Issuer B,Grocery,Older phone,71,68,3,2906.81,0,1
2025-01-02,South China,Issuer B,Grocery,Watch,63,59,4,2440.46,0,1
2025-01-02,South China,Issuer B,Digital,Recent phone,90,87,3,4201.53,0,1
2025-01-02,South China,Issuer B,Digital,Older phone,76,72,4,3525.04,0,1
2025-01-02,South China,Issuer B,Digital,Watch,76,72,4,3588.24,0,1
2025-01-02,South China,Issuer C,Retail,Recent phone,65,64,1,1424.57,0,1
2025-01-02,South China,Issuer C,Retail,Older phone,70,69,1,1458.3,0,1
2025-01-02,South China,Issuer C,Retail,Watch,55,50,5,1056.9,0,1
2025-01-02,South China,Issuer C,Dining,Recent phone,79,73,6,2244.73,0,1
2025-01-02,South China,Issuer C,Dining,Older phone,64,63,1,1832.92,0,1
2025-01-02,South China,Issuer C,Dining,Watch,62,58,4,1621.12,0,1
2025-01-02,South China,Issuer C,Transit,Recent phone,74,71,3,2667.97,0,1
2025-01-02,South China,Issuer C,Transit,Older phone,76,73,3,2715.57,0,1
2025-01-02,South China,Issuer C,Transit,Watch,62,60,2,2055.95,0,1
2025-01-02,South China,Issuer C,Grocery,Recent phone,80,77,3,3291.85,0,1
2025-01-02,South China,Issuer C,Grocery,Older phone,74,70,4,2954.58,0,1
2025-01-02,South China,Issuer C,Grocery,Watch,66,62,4,2670.48,0,1
2025-01-02,South China,Issuer C,Digital,Recent phone,87,83,4,4117.56,0,1
2025-01-02,South China,Issuer C,Digital,Older phone,84,80,4,3875.62,0,1
2025-01-02,South China,Issuer C,Digital,Watch,78,74,4,3680.28,0,1
2025-01-02,South China,Issuer D,Retail,Recent phone,70,67,3,1524.7,0,1
2025-01-02,South China,Issuer D,Retail,Older phone,58,55,3,1312.27,0,1
2025-01-02,South China,Issuer D,Retail,Watch,52,48,4,990.37,0,1
2025-01-02,South China,Issuer D,Dining,Recent phone,74,72,2,2082.1,0,1
2025-01-02,South China,Issuer D,Dining,Older phone,62,59,3,1701.77,0,1
2025-01-02,South China,Issuer D,Dining,Watch,53,50,3,1390.55,0,1
2025-01-02,South China,Issuer D,Transit,Recent phone,75,73,2,2565.76,0,1
2025-01-02,South China,Issuer D,Transit,Older phone,62,59,3,2161.64,0,1
2025-01-02,South China,Issuer D,Transit,Watch,59,56,3,1920.63,0,1
2025-01-02,South China,Issuer D,Grocery,Recent phone,87,83,4,3429.1,0,1
2025-01-02,South China,Issuer D,Grocery,Older phone,77,73,4,3117.35,0,1
2025-01-02,South China,Issuer D,Grocery,Watch,66,63,3,2645.25,0,1
2025-01-02,South China,Issuer D,Digital,Recent phone,87,82,5,3988.14,0,1
2025-01-02,South China,Issuer D,Digital,Older phone,94,91,3,4621.39,0,1
2025-01-02,South China,Issuer D,Digital,Watch,77,76,1,3943.91,0,1
2025-01-02,West China,Issuer A,Retail,Recent phone,78,73,5,1742.53,0,1
2025-01-02,West China,Issuer A,Retail,Older phone,68,65,3,1470.78,0,1
2025-01-02,West China,Issuer A,Retail,Watch,63,60,3,1404.12,0,1
2025-01-02,West China,Issuer A,Dining,Recent phone,77,76,1,2425.63,0,1
2025-01-02,West China,Issuer A,Dining,Older phone,76,73,3,2282.93,0,1
2025-01-02,West China,Issuer A,Dining,Watch,56,53,3,1746.18,0,1
2025-01-02,West China,Issuer A,Transit,Recent phone,80,77,3,2814.66,0,1
2025-01-02,West China,Issuer A,Transit,Older phone,73,71,2,2746.15,0,1
2025-01-02,West China,Issuer A,Transit,Watch,64,59,5,2341.44,0,1
2025-01-02,West China,Issuer A,Grocery,Recent phone,84,80,4,3574.35,0,1
2025-01-02,West China,Issuer A,Grocery,Older phone,81,75,6,3399.83,0,1
2025-01-02,West China,Issuer A,Grocery,Watch,72,68,4,3113.46,0,1
2025-01-02,West China,Issuer A,Digital,Recent phone,98,95,3,4782.01,0,1
2025-01-02,West China,Issuer A,Digital,Older phone,81,77,4,4040.09,0,1
2025-01-02,West China,Issuer A,Digital,Watch,88,81,7,4235.77,0,1
2025-01-02,West China,Issuer B,Retail,Recent phone,78,74,4,1631.77,0,1
2025-01-02,West China,Issuer B,Retail,Older phone,66,63,3,1528.83,0,1
2025-01-02,West China,Issuer B,Retail,Watch,61,58,3,1327.08,0,1
2025-01-02,West China,Issuer B,Dining,Recent phone,84,79,5,2457.55,0,1
2025-01-02,West China,Issuer B,Dining,Older phone,71,66,5,2032.89,0,1
2025-01-02,West China,Issuer B,Dining,Watch,60,58,2,1897.13,0,1
2025-01-02,West China,Issuer B,Transit,Recent phone,75,71,4,2563.54,0,1
2025-01-02,West China,Issuer B,Transit,Older phone,74,70,4,2755.16,0,1
2025-01-02,West China,Issuer B,Transit,Watch,69,65,4,2492.46,0,1
2025-01-02,West China,Issuer B,Grocery,Recent phone,87,83,4,3639.57,0,1
2025-01-02,West China,Issuer B,Grocery,Older phone,85,81,4,3529.65,0,1
2025-01-02,West China,Issuer B,Grocery,Watch,80,75,5,3346.3,0,1
2025-01-02,West China,Issuer B,Digital,Recent phone,101,97,4,5223.68,0,1
2025-01-02,West China,Issuer B,Digital,Older phone,87,83,4,4218.27,0,1
2025-01-02,West China,Issuer B,Digital,Watch,83,79,4,4261.29,0,1
2025-01-02,West China,Issuer C,Retail,Recent phone,77,75,2,1778.39,0,1
2025-01-02,West China,Issuer C,Retail,Older phone,69,67,2,1510.26,0,1
2025-01-02,West China,Issuer C,Retail,Watch,52,50,2,1285.64,0,1
2025-01-02,West China,Issuer C,Dining,Recent phone,85,81,4,2500.43,0,1
2025-01-02,West China,Issuer C,Dining,Older phone,74,70,4,2030.93,0,1
2025-01-02,West China,Issuer C,Dining,Watch,62,59,3,1860.98,0,1
2025-01-02,West China,Issuer C,Transit,Recent phone,88,84,4,3103.02,0,1
2025-01-02,West China,Issuer C,Transit,Older phone,77,74,3,2666.8,0,1
2025-01-02,West China,Issuer C,Transit,Watch,78,73,5,2878.88,0,1
2025-01-02,West China,Issuer C,Grocery,Recent phone,86,82,4,3529.32,0,1
2025-01-02,West China,Issuer C,Grocery,Older phone,78,75,3,3367.62,0,1
2025-01-02,West China,Issuer C,Grocery,Watch,70,65,5,2997.01,0,1
2025-01-02,West China,Issuer C,Digital,Recent phone,100,94,6,4767.39,0,1
2025-01-02,West China,Issuer C,Digital,Older phone,93,90,3,4799.28,0,1
2025-01-02,West China,Issuer C,Digital,Watch,84,79,5,4005.81,0,1
2025-01-02,West China,Issuer D,Retail,Recent phone,77,75,2,1796.84,0,1
2025-01-02,West China,Issuer D,Retail,Older phone,68,65,3,1585.62,0,1
2025-01-02,West China,Issuer D,Retail,Watch,60,57,3,1464.25,0,1
2025-01-02,West China,Issuer D,Dining,Recent phone,73,71,2,2262.19,0,1
2025-01-02,West China,Issuer D,Dining,Older phone,82,77,5,2530.22,0,1
2025-01-02,West China,Issuer D,Dining,Watch,67,63,4,1987.39,0,1
2025-01-02,West China,Issuer D,Transit,Recent phone,87,84,3,3120.11,0,1
2025-01-02,West China,Issuer D,Transit,Older phone,81,78,3,2880.0,0,1
2025-01-02,West China,Issuer D,Transit,Watch,68,63,5,2361.66,0,1
2025-01-02,West China,Issuer D,Grocery,Recent phone,94,92,2,4276.17,0,1
2025-01-02,West China,Issuer D,Grocery,Older phone,81,78,3,3490.99,0,1
2025-01-02,West China,Issuer D,Grocery,Watch,76,74,2,3292.02,0,1
2025-01-02,West China,Issuer D,Digital,Recent phone,95,90,5,4749.31,0,1
2025-01-02,West China,Issuer D,Digital,Older phone,92,87,5,4409.32,0,1
2025-01-02,West China,Issuer D,Digital,Watch,75,69,6,3698.45,0,1
2025-01-03,East China,Issuer A,Retail,Recent phone,57,55,2,1044.8,0,1
2025-01-03,East China,Issuer A,Retail,Older phone,46,44,2,727.39,0,1
2025-01-03,East China,Issuer A,Retail,Watch,44,42,2,778.08,0,1
2025-01-03,East China,Issuer A,Dining,Recent phone,54,52,2,1207.26,0,1
2025-01-03,East China,Issuer A,Dining,Older phone,57,55,2,1318.78,0,1
2025-01-03,East China,Issuer A,Dining,Watch,43,40,3,1007.03,0,1
2025-01-03,East China,Issuer A,Transit,Recent phone,59,58,1,1910.84,0,1
2025-01-03,East China,Issuer A,Transit,Older phone,50,49,1,1649.91,0,1
2025-01-03,East China,Issuer A,Transit,Watch,56,54,2,1821.15,0,1
2025-01-03,East China,Issuer A,Grocery,Recent phone,81,78,3,2899.81,0,1
2025-01-03,East China,Issuer A,Grocery,Older phone,56,54,2,2057.86,0,1
2025-01-03,East China,Issuer A,Grocery,Watch,53,49,4,1858.84,0,1
2025-01-03,East China,Issuer A,Digital,Recent phone,74,71,3,3376.16,0,1
2025-01-03,East China,Issuer A,Digital,Older phone,67,64,3,2831.37,0,1
2025-01-03,East China,Issuer A,Digital,Watch,53,51,2,2428.5,0,1
2025-01-03,East China,Issuer B,Retail,Recent phone,35,34,1,579.47,0,1
2025-01-03,East China,Issuer B,Retail,Older phone,37,36,1,697.92,0,1
2025-01-03,East China,Issuer B,Retail,Watch,41,39,2,724.78,0,1
2025-01-03,East China,Issuer B,Dining,Recent phone,62,58,4,1400.23,0,1
2025-01-03,East China,Issuer B,Dining,Older phone,45,42,3,1041.74,0,1
2025-01-03,East China,Issuer B,Dining,Watch,38,37,1,951.81,0,1
2025-01-03,East China,Issuer B,Transit,Recent phone,62,60,2,1832.11,0,1
2025-01-03,East China,Issuer B,Transit,Older phone,61,60,1,1819.7,0,1
2025-01-03,East China,Issuer B,Transit,Watch,43,40,3,1241.74,0,1
2025-01-03,East China,Issuer B,Grocery,Recent phone,56,53,3,2060.62,0,1
2025-01-03,East China,Issuer B,Grocery,Older phone,64,63,1,2398.77,0,1
2025-01-03,East China,Issuer B,Grocery,Watch,53,51,2,1948.81,0,1
2025-01-03,East China,Issuer B,Digital,Recent phone,71,68,3,3235.97,0,1
2025-01-03,East China,Issuer B,Digital,Older phone,54,51,3,2296.48,0,1
2025-01-03,East China,Issuer B,Digital,Watch,57,54,3,2583.72,0,1
2025-01-03,East China,Issuer C,Retail,Recent phone,56,53,3,1051.03,0,1
2025-01-03,East China,Issuer C,Retail,Older phone,42,40,2,778.1,0,1
2025-01-03,East China,Issuer C,Retail,Watch,35,34,1,676.06,0,1
2025-01-03,East China,Issuer C,Dining,Recent phone,58,55,3,1316.19,0,1
2025-01-03,East China,Issuer C,Dining,Older phone,53,52,1,1325.94,0,1
2025-01-03,East China,Issuer C,Dining,Watch,45,43,2,1131.55,0,1
2025-01-03,East China,Issuer C,Transit,Recent phone,61,57,4,1727.72,0,1
2025-01-03,East China,Issuer C,Transit,Older phone,54,52,2,1586.16,0,1
2025-01-03,East China,Issuer C,Transit,Watch,47,47,0,1449.85,0,1
2025-01-03,East China,Issuer C,Grocery,Recent phone,77,74,3,2882.41,0,1
2025-01-03,East China,Issuer C,Grocery,Older phone,55,52,3,2055.65,0,1
2025-01-03,East China,Issuer C,Grocery,Watch,47,43,4,1660.66,0,1
2025-01-03,East China,Issuer C,Digital,Recent phone,67,63,4,2870.15,0,1
2025-01-03,East China,Issuer C,Digital,Older phone,63,60,3,2724.42,0,1
2025-01-03,East China,Issuer C,Digital,Watch,57,55,2,2470.68,0,1
2025-01-03,East China,Issuer D,Retail,Recent phone,58,55,3,958.49,0,1
2025-01-03,East China,Issuer D,Retail,Older phone,34,32,2,579.32,0,1
2025-01-03,East China,Issuer D,Retail,Watch,34,32,2,593.02,0,1
2025-01-03,East China,Issuer D,Dining,Recent phone,54,52,2,1345.91,0,1
2025-01-03,East China,Issuer D,Dining,Older phone,47,45,2,1047.45,0,1
2025-01-03,East China,Issuer D,Dining,Watch,43,41,2,1047.67,0,1
2025-01-03,East China,Issuer D,Transit,Recent phone,62,58,4,1806.55,0,1
2025-01-03,East China,Issuer D,Transit,Older phone,56,53,3,1667.51,0,1
2025-01-03,East China,Issuer D,Transit,Watch,47,45,2,1403.01,0,1
2025-01-03,East China,Issuer D,Grocery,Recent phone,67,64,3,2428.8,0,1
2025-01-03,East China,Issuer D,Grocery,Older phone,60,59,1,2353.72,0,1
2025-01-03,East China,Issuer D,Grocery,Watch,59,54,5,2160.81,0,1
2025-01-03,East China,Issuer D,Digital,Recent phone,66,65,1,2889.56,0,1
2025-01-03,East China,Issuer D,Digital,Older phone,54,53,1,2478.4,0,1
2025-01-03,East China,Issuer D,Digital,Watch,69,63,6,2857.6,0,1
2025-01-03,North China,Issuer A,Retail,Recent phone,58,56,2,1113.37,0,1
2025-01-03,North China,Issuer A,Retail,Older phone,54,52,2,987.78,0,1
2025-01-03,North China,Issuer A,Retail,Watch,38,36,2,689.56,0,1
2025-01-03,North China,Issuer A,Dining,Recent phone,64,62,2,1646.33,0,1
2025-01-03,North China,Issuer A,Dining,Older phone,54,52,2,1507.05,0,1
2025-01-03,North China,Issuer A,Dining,Watch,54,51,3,1365.67,0,1
2025-01-03,North China,Issuer A,Transit,Recent phone,67,63,4,2031.45,0,1
2025-01-03,North China,Issuer A,Transit,Older phone,59,54,5,1878.67,0,1
2025-01-03,North China,Issuer A,Transit,Watch,65,62,3,1987.74,0,1
2025-01-03,North China,Issuer A,Grocery,Recent phone,72,70,2,2910.92,0,1
2025-01-03,North China,Issuer A,Grocery,Older phone,69,65,4,2612.92,0,1
2025-01-03,North China,Issuer A,Grocery,Watch,71,67,4,2826.83,0,1
2025-01-03,North China,Issuer A,Digital,Recent phone,76,74,2,3557.77,0,1
2025-01-03,North China,Issuer A,Digital,Older phone,70,65,5,3165.21,0,1
2025-01-03,North China,Issuer A,Digital,Watch,62,58,4,2888.74,0,1
2025-01-03,North China,Issuer B,Retail,Recent phone,56,55,1,1151.9,0,1
2025-01-03,North China,Issuer B,Retail,Older phone,57,56,1,1184.17,0,1
2025-01-03,North China,Issuer B,Retail,Watch,41,39,2,811.06,0,1
2025-01-03,North China,Issuer B,Dining,Recent phone,57,55,2,1465.19,0,1
2025-01-03,North China,Issuer B,Dining,Older phone,50,47,3,1177.11,0,1
2025-01-03,North China,Issuer B,Dining,Watch,49,47,2,1359.26,0,1
2025-01-03,North China,Issuer B,Transit,Recent phone,68,67,1,2393.74,0,1
2025-01-03,North China,Issuer B,Transit,Older phone,70,67,3,2279.54,0,1
2025-01-03,North China,Issuer B,Transit,Watch,57,54,3,1862.45,0,1
2025-01-03,North China,Issuer B,Grocery,Recent phone,74,70,4,2923.23,0,1
2025-01-03,North China,Issuer B,Grocery,Older phone,67,65,2,2705.41,0,1
2025-01-03,North China,Issuer B,Grocery,Watch,64,61,3,2525.13,0,1
2025-01-03,North China,Issuer B,Digital,Recent phone,78,73,5,3527.72,0,1
2025-01-03,North China,Issuer B,Digital,Older phone,80,76,4,3790.92,0,1
2025-01-03,North China,Issuer B,Digital,Watch,68,64,4,3079.11,0,1
2025-01-03,North China,Issuer C,Retail,Recent phone,60,57,3,1129.16,0,1
2025-01-03,North China,Issuer C,Retail,Older phone,46,44,2,935.67,0,1
2025-01-03,North China,Issuer C,Retail,Watch,41,38,3,794.11,0,1
2025-01-03,North China,Issuer C,Dining,Recent phone,59,57,2,1587.8,0,1
2025-01-03,North China,Issuer C,Dining,Older phone,55,51,4,1431.67,0,1
2025-01-03,North China,Issuer C,Dining,Watch,51,49,2,1295.77,0,1
2025-01-03,North China,Issuer C,Transit,Recent phone,70,66,4,2282.0,0,1
2025-01-03,North China,Issuer C,Transit,Older phone,55,51,4,1813.86,0,1
2025-01-03,North China,Issuer C,Transit,Watch,55,55,0,1779.02,0,1
2025-01-03,North China,Issuer C,Grocery,Recent phone,80,78,2,3151.08,0,1
2025-01-03,North China,Issuer C,Grocery,Older phone,69,66,3,2780.2,0,1
2025-01-03,North China,Issuer C,Grocery,Watch,61,58,3,2333.71,0,1
2025-01-03,North China,Issuer C,Digital,Recent phone,79,74,5,3645.03,0,1
2025-01-03,North China,Issuer C,Digital,Older phone,75,73,2,3561.08,0,1
2025-01-03,North China,Issuer C,Digital,Watch,72,69,3,3292.38,0,1
2025-01-03,North China,Issuer D,Retail,Recent phone,56,55,1,1090.15,0,1
2025-01-03,North China,Issuer D,Retail,Older phone,53,52,1,1045.06,0,1
2025-01-03,North China,Issuer D,Retail,Watch,45,43,2,790.23,0,1
2025-01-03,North China,Issuer D,Dining,Recent phone,62,58,4,1525.18,0,1
2025-01-03,North China,Issuer D,Dining,Older phone,62,58,4,1530.42,0,1
2025-01-03,North China,Issuer D,Dining,Watch,55,51,4,1281.52,0,1
2025-01-03,North China,Issuer D,Transit,Recent phone,65,63,2,2032.66,0,1
2025-01-03,North China,Issuer D,Transit,Older phone,53,51,2,1639.46,0,1
2025-01-03,North China,Issuer D,Transit,Watch,61,59,2,1915.82,0,1
2025-01-03,North China,Issuer D,Grocery,Recent phone,73,71,2,2933.17,0,1
2025-01-03,North China,Issuer D,Grocery,Older phone,70,66,4,2578.95,0,1
2025-01-03,North China,Issuer D,Grocery,Watch,53,50,3,2032.13,0,1
2025-01-03,North China,Issuer D,Digital,Recent phone,78,74,4,3451.29,0,1
2025-01-03,North China,Issuer D,Digital,Older phone,78,75,3,3690.45,0,1
2025-01-03,North China,Issuer D,Digital,Watch,64,61,3,2877.4,0,1
2025-01-03,South China,Issuer A,Retail,Recent phone,68,66,2,1385.36,0,1
2025-01-03,South China,Issuer A,Retail,Older phone,57,54,3,1266.97,0,1
2025-01-03,South China,Issuer A,Retail,Watch,58,55,3,1134.93,0,1
2025-01-03,South China,Issuer A,Dining,Recent phone,71,68,3,1881.75,0,1
2025-01-03,South China,Issuer A,Dining,Older phone,75,72,3,2015.24,0,1
2025-01-03,South China,Issuer A,Dining,Watch,56,54,2,1532.39,0,1
2025-01-03,South China,Issuer A,Transit,Recent phone,81,79,2,2890.11,0,1
2025-01-03,South China,Issuer A,Transit,Older phone,71,66,5,2347.77,0,1
2025-01-03,South China,Issuer A,Transit,Watch,61,58,3,2152.06,0,1
2025-01-03,South China,Issuer A,Grocery,Recent phone,91,88,3,3944.38,0,1
2025-01-03,South China,Issuer A,Grocery,Older phone,75,72,3,2971.06,0,1
2025-01-03,South China,Issuer A,Grocery,Watch,56,53,3,2366.91,0,1
2025-01-03,South China,Issuer A,Digital,Recent phone,83,77,6,3765.64,0,1
2025-01-03,South China,Issuer A,Digital,Older phone,77,74,3,3786.21,0,1
2025-01-03,South China,Issuer A,Digital,Watch,70,66,4,3172.58,0,1
2025-01-03,South China,Issuer B,Retail,Recent phone,70,65,5,1358.8,0,1
2025-01-03,South China,Issuer B,Retail,Older phone,55,53,2,1249.75,0,1
2025-01-03,South China,Issuer B,Retail,Watch,45,42,3,935.11,0,1
2025-01-03,South China,Issuer B,Dining,Recent phone,70,67,3,2017.31,0,1
2025-01-03,South China,Issuer B,Dining,Older phone,57,56,1,1677.35,0,1
2025-01-03,South China,Issuer B,Dining,Watch,52,50,2,1495.16,0,1
2025-01-03,South China,Issuer B,Transit,Recent phone,76,73,3,2523.69,0,1
2025-01-03,South China,Issuer B,Transit,Older phone,84,81,3,2898.08,0,1
2025-01-03,South China,Issuer B,Transit,Watch,62,58,4,2008.97,0,1
2025-01-03,South China,Issuer B,Grocery,Recent phone,73,69,4,2907.22,0,1
2025-01-03,South China,Issuer B,Grocery,Older phone,82,77,5,3426.88,0,1
2025-01-03,South China,Issuer B,Grocery,Watch,63,62,1,2558.7,0,1
2025-01-03,South China,Issuer B,Digital,Recent phone,90,88,2,4282.41,0,1
2025-01-03,South China,Issuer B,Digital,Older phone,78,76,2,3887.6,0,1
2025-01-03,South China,Issuer B,Digital,Watch,75,68,7,3455.73,0,1
2025-01-03,South China,Issuer C,Retail,Recent phone,69,66,3,1407.32,0,1
2025-01-03,South China,Issuer C,Retail,Older phone,55,52,3,1072.24,0,1
2025-01-03,South China,Issuer C,Retail,Watch,54,51,3,1147.49,0,1
2025-01-03,South China,Issuer C,Dining,Recent phone,81,77,4,2269.2,0,1
2025-01-03,South China,Issuer C,Dining,Older phone,63,60,3,1816.43,0,1
2025-01-03,South China,Issuer C,Dining,Watch,47,46,1,1356.42,0,1
2025-01-03,South China,Issuer C,Transit,Recent phone,77,73,4,2627.04,0,1
2025-01-03,South China,Issuer C,Transit,Older phone,69,66,3,2480.98,0,1
2025-01-03,South China,Issuer C,Transit,Watch,65,62,3,2196.68,0,1
2025-01-03,South China,Issuer C,Grocery,Recent phone,84,81,3,3520.37,0,1
2025-01-03,South China,Issuer C,Grocery,Older phone,77,74,3,3054.19,0,1
2025-01-03,South China,Issuer C,Grocery,Watch,65,60,5,2538.01,0,1
2025-01-03,South China,Issuer C,Digital,Recent phone,86,83,3,4258.84,0,1
2025-01-03,South China,Issuer C,Digital,Older phone,82,77,5,3815.8,0,1
2025-01-03,South China,Issuer C,Digital,Watch,74,68,6,3522.88,0,1
2025-01-03,South China,Issuer D,Retail,Recent phone,59,57,2,1240.33,0,1
2025-01-03,South China,Issuer D,Retail,Older phone,59,56,3,1189.34,0,1
2025-01-03,South China,Issuer D,Retail,Watch,61,58,3,1188.85,0,1
2025-01-03,South China,Issuer D,Dining,Recent phone,65,62,3,1724.25,0,1
2025-01-03,South China,Issuer D,Dining,Older phone,63,58,5,1775.3,0,1
2025-01-03,South China,Issuer D,Dining,Watch,57,54,3,1486.74,0,1
2025-01-03,South China,Issuer D,Transit,Recent phone,87,82,5,2969.83,0,1
2025-01-03,South China,Issuer D,Transit,Older phone,67,65,2,2444.03,0,1
2025-01-03,South China,Issuer D,Transit,Watch,66,62,4,2185.04,0,1
2025-01-03,South China,Issuer D,Grocery,Recent phone,81,77,4,3386.78,0,1
2025-01-03,South China,Issuer D,Grocery,Older phone,76,72,4,2989.15,0,1
2025-01-03,South China,Issuer D,Grocery,Watch,66,61,5,2522.6,0,1
2025-01-03,South China,Issuer D,Digital,Recent phone,81,77,4,3738.48,0,1
2025-01-03,South China,Issuer D,Digital,Older phone,81,78,3,3952.37,0,1
2025-01-03,South China,Issuer D,Digital,Watch,77,73,4,3639.03,0,1
2025-01-03,West China,Issuer A,Retail,Recent phone,76,74,2,1824.78,0,1
2025-01-03,West China,Issuer A,Retail,Older phone,70,66,4,1611.0,0,1
2025-01-03,West China,Issuer A,Retail,Watch,60,57,3,1351.67,0,1
2025-01-03,West China,Issuer A,Dining,Recent phone,72,69,3,2274.19,0,1
2025-01-03,West China,Issuer A,Dining,Older phone,75,72,3,2205.12,0,1
2025-01-03,West China,Issuer A,Dining,Watch,72,68,4,2146.51,0,1
2025-01-03,West China,Issuer A,Transit,Recent phone,79,76,3,3027.06,0,1
2025-01-03,West China,Issuer A,Transit,Older phone,77,72,5,2657.73,0,1
2025-01-03,West China,Issuer A,Transit,Watch,70,67,3,2525.94,0,1
2025-01-03,West China,Issuer A,Grocery,Recent phone,95,88,7,4004.88,0,1
2025-01-03,West China,Issuer A,Grocery,Older phone,82,77,5,3577.07,0,1
2025-01-03,West China,Issuer A,Grocery,Watch,67,63,4,2750.0,0,1
2025-01-03,West China,Issuer A,Digital,Recent phone,95,91,4,4641.07,0,1
2025-01-03,West China,Issuer A,Digital,Older phone,99,94,5,4771.51,0,1
2025-01-03,West China,Issuer A,Digital,Watch,84,79,5,4189.03,0,1
2025-01-03,West China,Issuer B,Retail,Recent phone,66,64,2,1639.15,0,1
2025-01-03,West China,Issuer B,Retail,Older phone,72,67,5,1728.13,0,1
2025-01-03,West China,Issuer B,Retail,Watch,58,54,4,1310.17,0,1
2025-01-03,West China,Issuer B,Dining,Recent phone,85,82,3,2452.75,0,1
2025-01-03,West China,Issuer B,Dining,Older phone,79,75,4,2395.07,0,1
2025-01-03,West China,Issuer B,Dining,Watch,66,62,4,1994.48,0,1
2025-01-03,West China,Issuer B,Transit,Recent phone,79,74,5,2689.63,0,1
2025-01-03,West China,Issuer B,Transit,Older phone,75,72,3,2731.37,0,1
2025-01-03,West China,Issuer B,Transit,Watch,79,74,5,2891.09,0,1
2025-01-03,West China,Issuer B,Grocery,Recent phone,90,86,4,3812.01,0,1
2025-01-03,West China,Issuer B,Grocery,Older phone,84,81,3,3639.49,0,1
2025-01-03,West China,Issuer B,Grocery,Watch,81,78,3,3586.17,0,1
2025-01-03,West China,Issuer B,Digital,Recent phone,93,91,2,4884.46,0,1
2025-01-03,West China,Issuer B,Digital,Older phone,91,88,3,4643.83,0,1
2025-01-03,West China,Issuer B,Digital,Watch,87,81,6,4282.84,0,1
2025-01-03,West China,Issuer C,Retail,Recent phone,81,78,3,1949.69,0,1
2025-01-03,West China,Issuer C,Retail,Older phone,78,75,3,1859.89,0,1
2025-01-03,West China,Issuer C,Retail,Watch,58,54,4,1304.3,0,1
2025-01-03,West China,Issuer C,Dining,Recent phone,75,74,1,2298.25,0,1
2025-01-03,West China,Issuer C,Dining,Older phone,73,69,4,2249.96,0,1
2025-01-03,West China,Issuer C,Dining,Watch,65,61,4,1904.95,0,1
2025-01-03,West China,Issuer C,Transit,Recent phone,92,87,5,3395.49,0,1
2025-01-03,West China,Issuer C,Transit,Older phone,82,78,4,2815.61,0,1
2025-01-03,West China,Issuer C,Transit,Watch,69,67,2,2622.25,0,1
2025-01-03,West China,Issuer C,Grocery,Recent phone,91,86,5,3728.81,0,1
2025-01-03,West China,Issuer C,Grocery,Older phone,82,77,5,3410.19,0,1
2025-01-03,West China,Issuer C,Grocery,Watch,71,67,4,3037.63,0,1
2025-01-03,West China,Issuer C,Digital,Recent phone,94,89,5,4518.09,0,1
2025-01-03,West China,Issuer C,Digital,Older phone,92,90,2,4767.77,0,1
2025-01-03,West China,Issuer C,Digital,Watch,80,76,4,3828.69,0,1
2025-01-03,West China,Issuer D,Retail,Recent phone,75,73,2,1683.15,0,1
2025-01-03,West China,Issuer D,Retail,Older phone,64,61,3,1484.62,0,1
2025-01-03,West China,Issuer D,Retail,Watch,71,68,3,1725.29,0,1
2025-01-03,West China,Issuer D,Dining,Recent phone,82,78,4,2439.46,0,1
2025-01-03,West China,Issuer D,Dining,Older phone,71,69,2,2131.6,0,1
2025-01-03,West China,Issuer D,Dining,Watch,58,55,3,1682.66,0,1
2025-01-03,West China,Issuer D,Transit,Recent phone,92,86,6,3200.72,0,1
2025-01-03,West China,Issuer D,Transit,Older phone,81,76,5,2802.94,0,1
2025-01-03,West China,Issuer D,Transit,Watch,68,63,5,2448.3,0,1
2025-01-03,West China,Issuer D,Grocery,Recent phone,86,83,3,3869.86,0,1
2025-01-03,West China,Issuer D,Grocery,Older phone,84,79,5,3445.09,0,1
2025-01-03,West China,Issuer D,Grocery,Watch,78,73,5,3366.44,0,1
2025-01-03,West China,Issuer D,Digital,Recent phone,100,95,5,4765.09,0,1
2025-01-03,West China,Issuer D,Digital,Older phone,91,87,4,4438.44,0,1
2025-01-03,West China,Issuer D,Digital,Watch,72,67,5,3448.52,0,1
2025-01-04,East China,Issuer A,Retail,Recent phone,66,65,1,1069.86,0,1
2025-01-04,East China,Issuer A,Retail,Older phone,52,51,1,988.83,0,1
2025-01-04,East China,Issuer A,Retail,Watch,33,32,1,556.23,0,1
2025-01-04,East China,Issuer A,Dining,Recent phone,61,58,3,1394.37,0,1
2025-01-04,East China,Issuer A,Dining,Older phone,51,46,5,1091.71,0,1
2025-01-04,East China,Issuer A,Dining,Watch,49,47,2,1246.58,0,1
2025-01-04,East China,Issuer A,Transit,Recent phone,62,61,1,1932.11,0,1
2025-01-04,East China,Issuer A,Transit,Older phone,61,59,2,1783.55,0,1
2025-01-04,East China,Issuer A,Transit,Watch,53,51,2,1665.08,0,1
2025-01-04,East China,Issuer A,Grocery,Recent phone,71,70,1,2819.56,0,1
2025-01-04,East China,Issuer A,Grocery,Older phone,66,63,3,2509.9,0,1
2025-01-04,East China,Issuer A,Grocery,Watch,61,57,4,2168.11,0,1
2025-01-04,East China,Issuer A,Digital,Recent phone,65,63,2,2984.59,0,1
2025-01-04,East China,Issuer A,Digital,Older phone,67,63,4,2916.87,0,1
2025-01-04,East China,Issuer A,Digital,Watch,62,58,4,2642.62,0,1
2025-01-04,East China,Issuer B,Retail,Recent phone,59,57,2,1127.91,0,1
2025-01-04,East China,Issuer B,Retail,Older phone,49,49,0,960.99,0,1
2025-01-04,East China,Issuer B,Retail,Watch,39,38,1,651.86,0,1
2025-01-04,East China,Issuer B,Dining,Recent phone,60,59,1,1426.32,0,1
2025-01-04,East China,Issuer B,Dining,Older phone,50,50,0,1224.19,0,1
2025-01-04,East China,Issuer B,Dining,Watch,47,45,2,1167.84,0,1
2025-01-04,East China,Issuer B,Transit,Recent phone,66,64,2,2063.76,0,1
2025-01-04,East China,Issuer B,Transit,Older phone,63,62,1,1860.68,0,1
2025-01-04,East China,Issuer B,Transit,Watch,54,51,3,1613.71,0,1
2025-01-04,East China,Issuer B,Grocery,Recent phone,69,66,3,2484.81,0,1
2025-01-04,East China,Issuer B,Grocery,Older phone,68,65,3,2517.22,0,1
2025-01-04,East China,Issuer B,Grocery,Watch,44,43,1,1678.34,0,1
2025-01-04,East China,Issuer B,Digital,Recent phone,85,83,2,3796.03,0,1
2025-01-04,East China,Issuer B,Digital,Older phone,73,68,5,3033.28,0,1
2025-01-04,East China,Issuer B,Digital,Watch,62,60,2,2687.18,0,1
2025-01-04,East China,Issuer C,Retail,Recent phone,52,49,3,848.45,0,1
2025-01-04,East China,Issuer C,Retail,Older phone,40,38,2,614.11,0,1
2025-01-04,East China,Issuer C,Retail,Watch,42,40,2,689.68,0,1
2025-01-04,East China,Issuer C,Dining,Recent phone,65,64,1,1711.39,0,1
2025-01-04,East China,Issuer C,Dining,Older phone,51,49,2,1169.99,0,1
2025-01-04,East China,Issuer C,Dining,Watch,43,43,0,1157.04,0,1
2025-01-04,East China,Issuer C,Transit,Recent phone,74,71,3,2217.24,0,1
2025-01-04,East China,Issuer C,Transit,Older phone,66,62,4,1895.5,0,1
2025-01-04,East China,Issuer C,Transit,Watch,44,42,2,1282.01,0,1
2025-01-04,East China,Issuer C,Grocery,Recent phone,81,77,4,3023.65,0,1
2025-01-04,East China,Issuer C,Grocery,Older phone,56,52,4,1935.53,0,1
2025-01-04,East China,Issuer C,Grocery,Watch,50,47,3,1867.63,0,1
2025-01-04,East China,Issuer C,Digital,Recent phone,78,77,1,3616.44,0,1
2025-01-04,East China,Issuer C,Digital,Older phone,72,69,3,3262.69,0,1
2025-01-04,East China,Issuer C,Digital,Watch,57,53,4,2480.85,0,1
2025-01-04,East China,Issuer D,Retail,Recent phone,57,54,3,1054.88,0,1
2025-01-04,East China,Issuer D,Retail,Older phone,36,35,1,563.12,0,1
2025-01-04,East China,Issuer D,Retail,Watch,44,41,3,795.06,0,1
2025-01-04,East China,Issuer D,Dining,Recent phone,66,65,1,1502.54,0,1
2025-01-04,East China,Issuer D,Dining,Older phone,59,57,2,1465.62,0,1
2025-01-04,East China,Issuer D,Dining,Watch,59,56,3,1496.95,0,1
2025-01-04,East China,Issuer D,Transit,Recent phone,68,67,1,2225.13,0,1
2025-01-04,East China,Issuer D,Transit,Older phone,57,56,1,1684.35,0,1
2025-01-04,East China,Issuer D,Transit,Watch,56,55,1,1734.22,0,1
2025-01-04,East China,Issuer D,Grocery,Recent phone,74,72,2,2914.69,0,1
2025-01-04,East China,Issuer D,Grocery,Older phone,66,63,3,2509.14,0,1
2025-01-04,East China,Issuer D,Grocery,Watch,58,54,4,2080.15,0,1
2025-01-04,East China,Issuer D,Digital,Recent phone,77,74,3,3498.71,0,1
2025-01-04,East China,Issuer D,Digital,Older phone,66,63,3,2934.72,0,1
2025-01-04,East China,Issuer D,Digital,Watch,67,64,3,3039.11,0,1
2025-01-04,North China,Issuer A,Retail,Recent phone,71,69,2,1333.05,0,1
2025-01-04,North China,Issuer A,Retail,Older phone,50,48,2,908.63,0,1
2025-01-04,North China,Issuer A,Retail,Watch,59,59,0,1070.76,0,1
2025-01-04,North China,Issuer A,Dining,Recent phone,77,74,3,1912.2,0,1
2025-01-04,North China,Issuer A,Dining,Older phone,59,56,3,1563.4,0,1
2025-01-04,North China,Issuer A,Dining,Watch,49,46,3,1298.22,0,1
2025-01-04,North China,Issuer A,Transit,Recent phone,74,72,2,2401.34,0,1
2025-01-04,North China,Issuer A,Transit,Older phone,67,64,3,2242.96,0,1
2025-01-04,North China,Issuer A,Transit,Watch,67,63,4,2103.69,0,1
2025-01-04,North China,Issuer A,Grocery,Recent phone,75,70,5,2788.02,0,1
2025-01-04,North China,Issuer A,Grocery,Older phone,80,78,2,3157.34,0,1
2025-01-04,North China,Issuer A,Grocery,Watch,66,62,4,2610.41,0,1
2025-01-04,North China,Issuer A,Digital,Recent phone,83,81,2,4049.66,0,1
2025-01-04,North China,Issuer A,Digital,Older phone,80,76,4,3544.51,0,1
2025-01-04,North China,Issuer A,Digital,Watch,73,69,4,3383.16,0,1
2025-01-04,North China,Issuer B,Retail,Recent phone,73,71,2,1443.58,0,1
2025-01-04,North China,Issuer B,Retail,Older phone,51,48,3,886.19,0,1
2025-01-04,North China,Issuer B,Retail,Watch,57,56,1,1226.56,0,1
2025-01-04,North China,Issuer B,Dining,Recent phone,74,70,4,1785.01,0,1
2025-01-04,North China,Issuer B,Dining,Older phone,69,67,2,1927.58,0,1
2025-01-04,North China,Issuer B,Dining,Watch,57,55,2,1590.43,0,1
2025-01-04,North China,Issuer B,Transit,Recent phone,68,64,4,2163.13,0,1
2025-01-04,North China,Issuer B,Transit,Older phone,75,71,4,2388.47,0,1
2025-01-04,North China,Issuer B,Transit,Watch,60,59,1,2089.07,0,1
2025-01-04,North China,Issuer B,Grocery,Recent phone,82,80,2,3244.55,0,1
2025-01-04,North China,Issuer B,Grocery,Older phone,76,73,3,3023.77,0,1
2025-01-04,North China,Issuer B,Grocery,Watch,70,68,2,2830.05,0,1
2025-01-04,North China,Issuer B,Digital,Recent phone,88,86,2,4189.32,0,1
2025-01-04,North China,Issuer B,Digital,Older phone,78,77,1,3611.64,0,1
2025-01-04,North China,Issuer B,Digital,Watch,69,66,3,3202.69,0,1
2025-01-04,North China,Issuer C,Retail,Recent phone,65,63,2,1151.79,0,1
2025-01-04,North China,Issuer C,Retail,Older phone,54,53,1,1057.21,0,1
2025-01-04,North China,Issuer C,Retail,Watch,52,49,3,1061.2,0,1
2025-01-04,North China,Issuer C,Dining,Recent phone,68,67,1,1783.12,0,1
2025-01-04,North China,Issuer C,Dining,Older phone,69,66,3,1786.8,0,1
2025-01-04,North China,Issuer C,Dining,Watch,53,51,2,1360.22,0,1
2025-01-04,North China,Issuer C,Transit,Recent phone,80,77,3,2521.45,0,1
2025-01-04,North China,Issuer C,Transit,Older phone,71,67,4,2274.57,0,1
2025-01-04,North China,Issuer C,Transit,Watch,60,57,3,1947.29,0,1
2025-01-04,North China,Issuer C,Grocery,Recent phone,83,78,5,3204.23,0,1
2025-01-04,North China,Issuer C,Grocery,Older phone,78,75,3,3073.54,0,1
2025-01-04,North China,Issuer C,Grocery,Watch,62,58,4,2343.94,0,1
2025-01-04,North China,Issuer C,Digital,Recent phone,95,91,4,4222.88,0,1
2025-01-04,North China,Issuer C,Digital,Older phone,83,80,3,3920.04,0,1
2025-01-04,North China,Issuer C,Digital,Watch,64,61,3,2832.71,0,1
2025-01-04,North China,Issuer D,Retail,Recent phone,58,56,2,1074.19,0,1
2025-01-04,North China,Issuer D,Retail,Older phone,64,62,2,1179.8,0,1
2025-01-04,North China,Issuer D,Retail,Watch,47,44,3,836.86,0,1
2025-01-04,North China,Issuer D,Dining,Recent phone,64,62,2,1551.63,0,1
2025-01-04,North China,Issuer D,Dining,Older phone,62,58,4,1475.06,0,1
2025-01-04,North China,Issuer D,Dining,Watch,56,54,2,1415.73,0,1
2025-01-04,North China,Issuer D,Transit,Recent phone,70,67,3,2227.95,0,1
2025-01-04,North China,Issuer D,Transit,Older phone,72,69,3,2269.84,0,1
2025-01-04,North China,Issuer D,Transit,Watch,62,59,3,1982.34,0,1
2025-01-04,North China,Issuer D,Grocery,Recent phone,84,82,2,3320.72,0,1
2025-01-04,North China,Issuer D,Grocery,Older phone,73,70,3,2777.73,0,1
2025-01-04,North China,Issuer D,Grocery,Watch,68,65,3,2705.47,0,1
2025-01-04,North China,Issuer D,Digital,Recent phone,90,88,2,4265.75,0,1
2025-01-04,North China,Issuer D,Digital,Older phone,83,79,4,3815.18,0,1
2025-01-04,North China,Issuer D,Digital,Watch,70,66,4,3061.47,0,1
2025-01-04,South China,Issuer A,Retail,Recent phone,75,73,2,1746.49,0,1
2025-01-04,South China,Issuer A,Retail,Older phone,61,58,3,1226.3,0,1
2025-01-04,South China,Issuer A,Retail,Watch,63,59,4,1314.61,0,1
2025-01-04,South China,Issuer A,Dining,Recent phone,84,82,2,2540.53,0,1
2025-01-04,South China,Issuer A,Dining,Older phone,72,69,3,2008.43,0,1
2025-01-04,South China,Issuer A,Dining,Watch,59,56,3,1523.44,0,1
2025-01-04,South China,Issuer A,Transit,Recent phone,83,79,4,2876.38,0,1
2025-01-04,South China,Issuer A,Transit,Older phone,80,75,5,2725.64,0,1
2025-01-04,South China,Issuer A,Transit,Watch,73,69,4,2515.33,0,1
2025-01-04,South China,Issuer A,Grocery,Recent phone,88,84,4,3560.22,0,1
2025-01-04,South China,Issuer A,Grocery,Older phone,90,86,4,3548.34,0,1
2025-01-04,South China,Issuer A,Grocery,Watch,85,81,4,3545.76,0,1
2025-01-04,South China,Issuer A,Digital,Recent phone,100,97,3,4900.84,0,1
2025-01-04,South China,Issuer A,Digital,Older phone,86,82,4,4183.77,0,1
2025-01-04,South China,Issuer A,Digital,Watch,77,73,4,3697.29,0,1
2025-01-04,South China,Issuer B,Retail,Recent phone,73,70,3,1589.87,0,1
2025-01-04,South China,Issuer B,Retail,Older phone,59,56,3,1340.56,0,1
2025-01-04,South China,Issuer B,Retail,Watch,66,63,3,1440.59,0,1
2025-01-04,South China,Issuer B,Dining,Recent phone,84,81,3,2413.78,0,1
2025-01-04,South China,Issuer B,Dining,Older phone,72,69,3,2112.42,0,1
2025-01-04,South China,Issuer B,Dining,Watch,69,65,4,1834.81,0,1
2025-01-04,South China,Issuer B,Transit,Recent phone,88,84,4,3027.31,0,1
2025-01-04,South China,Issuer B,Transit,Older phone,76,73,3,2591.78,0,1
2025-01-04,South China,Issuer B,Transit,Watch,72,68,4,2360.11,0,1
2025-01-04,South China,Issuer B,Grocery,Recent phone,98,95,3,4167.94,0,1
2025-01-04,South China,Issuer B,Grocery,Older phone,85,80,5,3573.93,0,1
2025-01-04,South China,Issuer B,Grocery,Watch,80,75,5,3177.12,0,1
2025-01-04,South China,Issuer B,Digital,Recent phone,104,100,4,4870.14,0,1
2025-01-04,South China,Issuer B,Digital,Older phone,85,82,3,4238.7,0,1
2025-01-04,South China,Issuer B,Digital,Watch,86,79,7,3851.13,0,1
2025-01-04,South China,Issuer C,Retail,Recent phone,69,67,2,1392.69,0,1
2025-01-04,South China,Issuer C,Retail,Older phone,62,59,3,1334.19,0,1
2025-01-04,South China,Issuer C,Retail,Watch,56,55,1,1204.57,0,1
2025-01-04,South China,Issuer C,Dining,Recent phone,88,83,5,2565.42,0,1
2025-01-04,South China,Issuer C,Dining,Older phone,78,74,4,2039.46,0,1
2025-01-04,South China,Issuer C,Dining,Watch,71,66,5,1851.81,0,1
2025-01-04,South China,Issuer C,Transit,Recent phone,87,84,3,3097.52,0,1
2025-01-04,South China,Issuer C,Transit,Older phone,80,77,3,2715.93,0,1
2025-01-04,South China,Issuer C,Transit,Watch,77,74,3,2751.2,0,1
2025-01-04,South China,Issuer C,Grocery,Recent phone,87,85,2,3521.46,0,1
2025-01-04,South China,Issuer C,Grocery,Older phone,89,84,5,3675.79,0,1
2025-01-04,South China,Issuer C,Grocery,Watch,80,76,4,3359.46,0,1
2025-01-04,South China,Issuer C,Digital,Recent phone,94,90,4,4355.74,0,1
2025-01-04,South China,Issuer C,Digital,Older phone,86,80,6,4131.29,0,1
2025-01-04,South China,Issuer C,Digital,Watch,90,86,4,4325.28,0,1
2025-01-04,South China,Issuer D,Retail,Recent phone,68,65,3,1458.38,0,1
2025-01-04,South China,Issuer D,Retail,Older phone,67,63,4,1409.28,0,1
2025-01-04,South China,Issuer D,Retail,Watch,42,37,5,886.87,0,1
2025-01-04,South China,Issuer D,Dining,Recent phone,83,81,2,2428.93,0,1
2025-01-04,South China,Issuer D,Dining,Older phone,70,66,4,1932.98,0,1
2025-01-04,South China,Issuer D,Dining,Watch,62,58,4,1784.26,0,1
2025-01-04,South China,Issuer D,Transit,Recent phone,81,78,3,2843.06,0,1
2025-01-04,South China,Issuer D,Transit,Older phone,84,81,3,3076.53,0,1
2025-01-04,South China,Issuer D,Transit,Watch,65,61,4,2257.55,0,1
2025-01-04,South China,Issuer D,Grocery,Recent phone,95,91,4,4009.66,0,1
2025-01-04,South China,Issuer D,Grocery,Older phone,89,84,5,3574.79,0,1
2025-01-04,South China,Issuer D,Grocery,Watch,68,64,4,2663.98,0,1
2025-01-04,South China,Issuer D,Digital,Recent phone,103,98,5,4924.43,0,1
2025-01-04,South China,Issuer D,Digital,Older phone,81,78,3,3831.83,0,1
2025-01-04,South China,Issuer D,Digital,Watch,83,78,5,4019.98,0,1
2025-01-04,West China,Issuer A,Retail,Recent phone,80,78,2,1883.95,0,1
2025-01-04,West China,Issuer A,Retail,Older phone,86,82,4,1826.41,0,1
2025-01-04,West China,Issuer A,Retail,Watch,61,58,3,1282.44,0,1
2025-01-04,West China,Issuer A,Dining,Recent phone,76,72,4,2092.82,0,1
2025-01-04,West China,Issuer A,Dining,Older phone,74,70,4,2255.2,0,1
2025-01-04,West China,Issuer A,Dining,Watch,76,72,4,2121.51,0,1
2025-01-04,West China,Issuer A,Transit,Recent phone,95,90,5,3365.25,0,1
2025-01-04,West China,Issuer A,Transit,Older phone,78,75,3,2961.22,0,1
2025-01-04,West China,Issuer A,Transit,Watch,80,75,5,2970.57,0,1
2025-01-04,West China,Issuer A,Grocery,Recent phone,99,94,5,4070.25,0,1
2025-01-04,West China,Issuer A,Grocery,Older phone,93,88,5,3787.8,0,1
2025-01-04,West China,Issuer A,Grocery,Watch,81,76,5,3347.0,0,1
2025-01-04,West China,Issuer A,Digital,Recent phone,105,101,4,5448.36,0,1
2025-01-04,West China,Issuer A,Digital,Older phone,101,95,6,4957.36,0,1
2025-01-04,West China,Issuer A,Digital,Watch,88,82,6,4175.26,0,1
2025-01-04,West China,Issuer B,Retail,Recent phone,78,75,3,1768.6,0,1
2025-01-04,West China,Issuer B,Retail,Older phone,67,64,3,1574.79,0,1
2025-01-04,West China,Issuer B,Retail,Watch,71,67,4,1564.28,0,1
2025-01-04,West China,Issuer B,Dining,Recent phone,77,74,3,2176.73,0,1
2025-01-04,West China,Issuer B,Dining,Older phone,77,73,4,2322.45,0,1
2025-01-04,West China,Issuer B,Dining,Watch,72,67,5,2058.76,0,1
2025-01-04,West China,Issuer B,Transit,Recent phone,102,98,4,3771.74,0,1
2025-01-04,West China,Issuer B,Transit,Older phone,81,78,3,2996.96,0,1
2025-01-04,West China,Issuer B,Transit,Watch,74,69,5,2507.79,0,1
2025-01-04,West China,Issuer B,Grocery,Recent phone,100,94,6,4249.84,0,1
2025-01-04,West China,Issuer B,Grocery,Older phone,98,94,4,4124.99,0,1
2025-01-04,West China,Issuer B,Grocery,Watch,89,84,5,3752.49,0,1
2025-01-04,West China,Issuer B,Digital,Recent phone,96,90,6,4721.36,0,1
2025-01-04,West China,Issuer B,Digital,Older phone,92,85,7,4386.88,0,1
2025-01-04,West China,Issuer B,Digital,Watch,80,77,3,4110.12,0,1
2025-01-04,West China,Issuer C,Retail,Recent phone,78,74,4,1733.38,0,1
2025-01-04,West China,Issuer C,Retail,Older phone,70,67,3,1481.62,0,1
2025-01-04,West China,Issuer C,Retail,Watch,73,70,3,1609.03,0,1
2025-01-04,West China,Issuer C,Dining,Recent phone,88,85,3,2540.92,0,1
2025-01-04,West China,Issuer C,Dining,Older phone,83,80,3,2552.34,0,1
2025-01-04,West China,Issuer C,Dining,Watch,76,72,4,2239.01,0,1
2025-01-04,West China,Issuer C,Transit,Recent phone,100,98,2,3719.96,0,1
2025-01-04,West China,Issuer C,Transit,Older phone,85,82,3,3235.31,0,1
2025-01-04,West China,Issuer C,Transit,Watch,85,82,3,3174.62,0,1
2025-01-04,West China,Issuer C,Grocery,Recent phone,100,94,6,4163.7,0,1
2025-01-04,West China,Issuer C,Grocery,Older phone,90,83,7,3601.59,0,1
2025-01-04,West China,Issuer C,Grocery,Watch,87,80,7,3509.67,0,1
2025-01-04,West China,Issuer C,Digital,Recent phone,108,104,4,5297.81,0,1
2025-01-04,West China,Issuer C,Digital,Older phone,96,90,6,4833.63,0,1
2025-01-04,West China,Issuer C,Digital,Watch,98,93,5,4723.08,0,1
2025-01-04,West China,Issuer D,Retail,Recent phone,85,82,3,2060.37,0,1
2025-01-04,West China,Issuer D,Retail,Older phone,72,69,3,1789.4,0,1
2025-01-04,West China,Issuer D,Retail,Watch,72,67,5,1512.28,0,1
2025-01-04,West China,Issuer D,Dining,Recent phone,84,81,3,2593.69,0,1
2025-01-04,West China,Issuer D,Dining,Older phone,89,86,3,2808.25,0,1
2025-01-04,West China,Issuer D,Dining,Watch,74,68,6,2237.96,0,1
2025-01-04,West China,Issuer D,Transit,Recent phone,100,96,4,3663.1,0,1
2025-01-04,West China,Issuer D,Transit,Older phone,87,81,6,3034.81,0,1
2025-01-04,West China,Issuer D,Transit,Watch,80,76,4,2893.45,0,1
2025-01-04,West China,Issuer D,Grocery,Recent phone,98,94,4,4152.98,0,1
2025-01-04,West China,Issuer D,Grocery,Older phone,91,88,3,4096.55,0,1
2025-01-04,West China,Issuer D,Grocery,Watch,82,76,6,3443.91,0,1
2025-01-04,West China,Issuer D,Digital,Recent phone,109,106,3,5640.22,0,1
2025-01-04,West China,Issuer D,Digital,Older phone,98,92,6,4755.64,0,1
2025-01-04,West China,Issuer D,Digital,Watch,101,96,5,4883.0,0,1
2025-01-05,East China,Issuer A,Retail,Recent phone,57,54,3,937.67,0,1
2025-01-05,East China,Issuer A,Retail,Older phone,51,49,2,835.7,0,1
2025-01-05,East China,Issuer A,Retail,Watch,39,38,1,755.67,0,1
2025-01-05,East China,Issuer A,Dining,Recent phone,57,54,3,1292.49,0,1
2025-01-05,East China,Issuer A,Dining,Older phone,59,55,4,1292.18,0,1
2025-01-05,East China,Issuer A,Dining,Watch,56,54,2,1269.14,0,1
2025-01-05,East China,Issuer A,Transit,Recent phone,68,66,2,2010.74,0,1
2025-01-05,East China,Issuer A,Transit,Older phone,59,57,2,1912.15,0,1
2025-01-05,East China,Issuer A,Transit,Watch,51,47,4,1542.93,0,1
2025-01-05,East China,Issuer A,Grocery,Recent phone,74,73,1,2766.58,0,1
2025-01-05,East China,Issuer A,Grocery,Older phone,66,62,4,2330.67,0,1
2025-01-05,East China,Issuer A,Grocery,Watch,60,58,2,2150.15,0,1
2025-01-05,East China,Issuer A,Digital,Recent phone,71,68,3,3081.48,0,1
2025-01-05,East China,Issuer A,Digital,Older phone,68,66,2,3053.16,0,1
2025-01-05,East China,Issuer A,Digital,Watch,69,64,5,3067.45,0,1
2025-01-05,East China,Issuer B,Retail,Recent phone,57,54,3,1056.55,0,1
2025-01-05,East China,Issuer B,Retail,Older phone,46,43,3,789.86,0,1
2025-01-05,East China,Issuer B,Retail,Watch,35,34,1,642.53,0,1
2025-01-05,East China,Issuer B,Dining,Recent phone,53,50,3,1319.39,0,1
2025-01-05,East China,Issuer B,Dining,Older phone,54,52,2,1379.52,0,1
2025-01-05,East China,Issuer B,Dining,Watch,40,38,2,1010.3,0,1
2025-01-05,East China,Issuer B,Transit,Recent phone,67,63,4,1902.86,0,1
2025-01-05,East China,Issuer B,Transit,Older phone,63,60,3,1864.43,0,1
2025-01-05,East China,Issuer B,Transit,Watch,64,60,4,2024.0,0,1
2025-01-05,East China,Issuer B,Grocery,Recent phone,69,68,1,2648.24,0,1
2025-01-05,East China,Issuer B,Grocery,Older phone,72,70,2,2752.34,0,1
2025-01-05,East China,Issuer B,Grocery,Watch,56,53,3,2132.69,0,1
2025-01-05,East China,Issuer B,Digital,Recent phone,85,81,4,3650.08,0,1
2025-01-05,East China,Issuer B,Digital,Older phone,68,66,2,2909.2,0,1
2025-01-05,East China,Issuer B,Digital,Watch,69,64,5,2873.83,0,1
2025-01-05,East China,Issuer C,Retail,Recent phone,53,51,2,907.68,0,1
2025-01-05,East China,Issuer C,Retail,Older phone,55,53,2,864.76,0,1
2025-01-05,East China,Issuer C,Retail,Watch,40,40,0,766.08,0,1
2025-01-05,East China,Issuer C,Dining,Recent phone,62,60,2,1497.13,0,1
2025-01-05,East China,Issuer C,Dining,Older phone,52,52,0,1402.28,0,1
2025-01-05,East China,Issuer C,Dining,Watch,40,38,2,968.27,0,1
2025-01-05,East China,Issuer C,Transit,Recent phone,70,69,1,2178.4,0,1
2025-01-05,East China,Issuer C,Transit,Older phone,65,63,2,2066.77,0,1
2025-01-05,East China,Issuer C,Transit,Watch,60,56,4,1770.28,0,1
2025-01-05,East China,Issuer C,Grocery,Recent phone,73,71,2,2661.98,0,1
2025-01-05,East China,Issuer C,Grocery,Older phone,65,61,4,2436.72,0,1
2025-01-05,East China,Issuer C,Grocery,Watch,61,56,5,2195.54,0,1
2025-01-05,East China,Issuer C,Digital,Recent phone,80,76,4,3628.74,0,1
2025-01-05,East China,Issuer C,Digital,Older phone,78,75,3,3375.69,0,1
2025-01-05,East China,Issuer C,Digital,Watch,72,68,4,3032.06,0,1
2025-01-05,East China,Issuer D,Retail,Recent phone,62,60,2,1152.16,0,1
2025-01-05,East China,Issuer D,Retail,Older phone,48,47,1,819.61,0,1
2025-01-05,East China,Issuer D,Retail,Watch,37,36,1,688.3,0,1
2025-01-05,East China,Issuer D,Dining,Recent phone,62,61,1,1567.0,0,1
2025-01-05,East China,Issuer D,Dining,Older phone,52,50,2,1294.0,0,1
2025-01-05,East China,Issuer D,Dining,Watch,50,48,2,1112.33,0,1
2025-01-05,East China,Issuer D,Transit,Recent phone,77,73,4,2278.02,0,1
2025-01-05,East China,Issuer D,Transit,Older phone,56,55,1,1758.56,0,1
2025-01-05,East China,Issuer D,Transit,Watch,49,47,2,1421.94,0,1
2025-01-05,East China,Issuer D,Grocery,Recent phone,69,66,3,2534.17,0,1
2025-01-05,East China,Issuer D,Grocery,Older phone,66,62,4,2428.11,0,1
2025-01-05,East China,Issuer D,Grocery,Watch,67,64,3,2521.51,0,1
2025-01-05,East China,Issuer D,Digital,Recent phone,84,81,3,3856.18,0,1
2025-01-05,East China,Issuer D,Digital,Older phone,72,67,5,3062.1,0,1
2025-01-05,East China,Issuer D,Digital,Watch,64,61,3,2881.05,0,1
2025-01-05,North China,Issuer A,Retail,Recent phone,67,66,1,1208.71,0,1
2025-01-05,North China,Issuer A,Retail,Older phone,60,56,4,1087.23,0,1
2025-01-05,North China,Issuer A,Retail,Watch,53,52,1,1093.89,0,1
2025-01-05,North China,Issuer A,Dining,Recent phone,68,65,3,1649.99,0,1
2025-01-05,North China,Issuer A,Dining,Older phone,66,63,3,1652.88,0,1
2025-01-05,North China,Issuer A,Dining,Watch,53,49,4,1396.73,0,1
2025-01-05,North China,Issuer A,Transit,Recent phone,79,75,4,2610.23,0,1
2025-01-05,North China,Issuer A,Transit,Older phone,75,71,4,2285.42,0,1
2025-01-05,North China,Issuer A,Transit,Watch,63,61,2,2113.81,0,1
2025-01-05,North China,Issuer A,Grocery,Recent phone,89,86,3,3668.1,0,1
2025-01-05,North China,Issuer A,Grocery,Older phone,66,64,2,2568.48,0,1
2025-01-05,North China,Issuer A,Grocery,Watch,62,59,3,2425.54,0,1
2025-01-05,North China,Issuer A,Digital,Recent phone,83,80,3,3859.38,0,1
2025-01-05,North China,Issuer A,Digital,Older phone,78,74,4,3624.93,0,1
2025-01-05,North China,Issuer A,Digital,Watch,80,77,3,3655.13,0,1
2025-01-05,North China,Issuer B,Retail,Recent phone,61,60,1,1089.63,0,1
2025-01-05,North China,Issuer B,Retail,Older phone,54,52,2,962.45,0,1
2025-01-05,North China,Issuer B,Retail,Watch,52,50,2,945.22,0,1
2025-01-05,North China,Issuer B,Dining,Recent phone,77,75,2,1958.32,0,1
2025-01-05,North China,Issuer B,Dining,Older phone,66,64,2,1728.74,0,1
2025-01-05,North China,Issuer B,Dining,Watch,55,52,3,1377.11,0,1
2025-01-05,North China,Issuer B,Transit,Recent phone,80,77,3,2695.38,0,1
2025-01-05,North China,Issuer B,Transit,Older phone,72,67,5,2257.69,0,1
2025-01-05,North China,Issuer B,Transit,Watch,77,74,3,2480.42,0,1
2025-01-05,North China,Issuer B,Grocery,Recent phone,89,85,4,3413.25,0,1
2025-01-05,North China,Issuer B,Grocery,Older phone,72,70,2,2914.17,0,1
2025-01-05,North China,Issuer B,Grocery,Watch,62,59,3,2331.85,0,1
2025-01-05,North China,Issuer B,Digital,Recent phone,87,85,2,3966.35,0,1
2025-01-05,North China,Issuer B,Digital,Older phone,81,76,5,3663.08,0,1
2025-01-05,North China,Issuer B,Digital,Watch,63,60,3,2965.69,0,1
2025-01-05,North China,Issuer C,Retail,Recent phone,65,63,2,1191.38,0,1
2025-01-05,North China,Issuer C,Retail,Older phone,61,59,2,1108.82,0,1
2025-01-05,North China,Issuer C,Retail,Watch,54,51,3,1053.19,0,1
2025-01-05,North China,Issuer C,Dining,Recent phone,79,75,4,1993.67,0,1
2025-01-05,North China,Issuer C,Dining,Older phone,65,64,1,1760.84,0,1
2025-01-05,North China,Issuer C,Dining,Watch,58,56,2,1452.18,0,1
2025-01-05,North China,Issuer C,Transit,Recent phone,75,72,3,2501.91,0,1
2025-01-05,North China,Issuer C,Transit,Older phone,63,60,3,1977.07,0,1
2025-01-05,North China,Issuer C,Transit,Watch,63,60,3,1957.26,0,1
2025-01-05,North China,Issuer C,Grocery,Recent phone,83,81,2,3370.53,0,1
2025-01-05,North China,Issuer C,Grocery,Older phone,81,77,4,3066.32,0,1
2025-01-05,North China,Issuer C,Grocery,Watch,63,59,4,2424.15,0,1
2025-01-05,North China,Issuer C,Digital,Recent phone,87,84,3,3967.6,0,1
2025-01-05,North China,Issuer C,Digital,Older phone,86,82,4,4062.46,0,1
2025-01-05,North China,Issuer C,Digital,Watch,74,70,4,3427.16,0,1
2025-01-05,North China,Issuer D,Retail,Recent phone,58,56,2,1200.12,0,1
2025-01-05,North China,Issuer D,Retail,Older phone,55,54,1,1138.74,0,1
2025-01-05,North China,Issuer D,Retail,Watch,50,47,3,861.76,0,1
2025-01-05,North China,Issuer D,Dining,Recent phone,72,68,4,1940.95,0,1
2025-01-05,North China,Issuer D,Dining,Older phone,71,68,3,1908.07,0,1
2025-01-05,North China,Issuer D,Dining,Watch,52,50,2,1310.46,0,1
2025-01-05,North China,Issuer D,Transit,Recent phone,77,74,3,2403.16,0,1
2025-01-05,North China,Issuer D,Transit,Older phone,68,65,3,2333.85,0,1
2025-01-05,North China,Issuer D,Transit,Watch,66,65,1,2290.57,0,1
2025-01-05,North China,Issuer D,Grocery,Recent phone,80,77,3,3069.35,0,1
2025-01-05,North China,Issuer D,Grocery,Older phone,82,78,4,3328.69,0,1
2025-01-05,North China,Issuer D,Grocery,Watch,65,62,3,2418.06,0,1
2025-01-05,North China,Issuer D,Digital,Recent phone,86,84,2,4103.49,0,1
2025-01-05,North China,Issuer D,Digital,Older phone,74,71,3,3270.69,0,1
2025-01-05,North China,Issuer D,Digital,Watch,81,78,3,3610.46,0,1
2025-01-05,South China,Issuer A,Retail,Recent phone,75,72,3,1470.54,0,1
2025-01-05,South China,Issuer A,Retail,Older phone,70,68,2,1388.18,0,1
2025-01-05,South China,Issuer A,Retail,Watch,58,56,2,1148.98,0,1
2025-01-05,South China,Issuer A,Dining,Recent phone,79,77,2,2175.62,0,1
2025-01-05,South China,Issuer A,Dining,Older phone,76,73,3,2074.18,0,1
2025-01-05,South China,Issuer A,Dining,Watch,65,61,4,1691.53,0,1
2025-01-05,South China,Issuer A,Transit,Recent phone,82,79,3,2745.45,0,1
2025-01-05,South China,Issuer A,Transit,Older phone,74,69,5,2595.44,0,1
2025-01-05,South China,Issuer A,Transit,Watch,72,69,3,2415.18,0,1
2025-01-05,South China,Issuer A,Grocery,Recent phone,90,86,4,3631.25,0,1
2025-01-05,South China,Issuer A,Grocery,Older phone,84,79,5,3290.67,0,1
2025-01-05,South China,Issuer A,Grocery,Watch,80,76,4,3260.61,0,1
2025-01-05,South China,Issuer A,Digital,Recent phone,105,101,4,5221.5,0,1
2025-01-05,South China,Issuer A,Digital,Older phone,90,85,5,4337.88,0,1
2025-01-05,South China,Issuer A,Digital,Watch,81,75,6,3881.61,0,1
2025-01-05,South China,Issuer B,Retail,Recent phone,68,67,1,1549.7,0,1
2025-01-05,South China,Issuer B,Retail,Older phone,63,61,2,1407.56,0,1
2025-01-05,South China,Issuer B,Retail,Watch,58,56,2,1138.76,0,1
2025-01-05,South China,Issuer B,Dining,Recent phone,82,80,2,2167.05,0,1
2025-01-05,South China,Issuer B,Dining,Older phone,68,66,2,1990.82,0,1
2025-01-05,South China,Issuer B,Dining,Watch,62,58,4,1645.52,0,1
2025-01-05,South China,Issuer B,Transit,Recent phone,86,82,4,2883.82,0,1
2025-01-05,South China,Issuer B,Transit,Older phone,84,79,5,2861.47,0,1
2025-01-05,South China,Issuer B,Transit,Watch,74,69,5,2420.1,0,1
2025-01-05,South China,Issuer B,Grocery,Recent phone,84,79,5,3381.38,0,1
2025-01-05,South China,Issuer B,Grocery,Older phone,88,83,5,3711.45,0,1
2025-01-05,South China,Issuer B,Grocery,Watch,73,69,4,2833.7,0,1
2025-01-05,South China,Issuer B,Digital,Recent phone,104,100,4,4921.39,0,1
2025-01-05,South China,Issuer B,Digital,Older phone,90,86,4,4401.89,0,1
2025-01-05,South China,Issuer B,Digital,Watch,88,83,5,4058.05,0,1
2025-01-05,South China,Issuer C,Retail,Recent phone,72,68,4,1431.5,0,1
2025-01-05,South China,Issuer C,Retail,Older phone,67,63,4,1438.67,0,1
2025-01-05,South China,Issuer C,Retail,Watch,61,56,5,1260.44,0,1
2025-01-05,South China,Issuer C,Dining,Recent phone,78,74,4,2266.93,0,1
2025-01-05,South China,Issuer C,Dining,Older phone,69,67,2,1816.06,0,1
2025-01-05,South China,Issuer C,Dining,Watch,66,64,2,1737.57,0,1
2025-01-05,South China,Issuer C,Transit,Recent phone,87,84,3,2938.1,0,1
2025-01-05,South China,Issuer C,Transit,Older phone,75,71,4,2586.98,0,1
2025-01-05,South China,Issuer C,Transit,Watch,81,77,4,2794.78,0,1
2025-01-05,South China,Issuer C,Grocery,Recent phone,86,82,4,3442.17,0,1
2025-01-05,South China,Issuer C,Grocery,Older phone,84,81,3,3372.07,0,1
2025-01-05,South China,Issuer C,Grocery,Watch,75,70,5,2898.03,0,1
2025-01-05,South China,Issuer C,Digital,Recent phone,100,95,5,4615.66,0,1
2025-01-05,South China,Issuer C,Digital,Older phone,82,77,5,3711.05,0,1
2025-01-05,South China,Issuer C,Digital,Watch,83,78,5,3988.92,0,1
2025-01-05,South China,Issuer D,Retail,Recent phone,77,75,2,1631.78,0,1
2025-01-05,South China,Issuer D,Retail,Older phone,76,72,4,1651.59,0,1
2025-01-05,South China,Issuer D,Retail,Watch,59,56,3,1242.35,0,1
2025-01-05,South China,Issuer D,Dining,Recent phone,72,69,3,1973.11,0,1
2025-01-05,South China,Issuer D,Dining,Older phone,64,61,3,1679.62,0,1
2025-01-05,South China,Issuer D,Dining,Watch,72,69,3,1982.11,0,1
2025-01-05,South China,Issuer D,Transit,Recent phone,82,80,2,2994.76,0,1
2025-01-05,South China,Issuer D,Transit,Older phone,78,74,4,2740.28,0,1
2025-01-05,South China,Issuer D,Transit,Watch,74,69,5,2445.66,0,1
2025-01-05,South China,Issuer D,Grocery,Recent phone,90,86,4,3711.36,0,1
2025-01-05,South China,Issuer D,Grocery,Older phone,87,83,4,3461.59,0,1
2025-01-05,South China,Issuer D,Grocery,Watch,78,74,4,3097.88,0,1
2025-01-05,South China,Issuer D,Digital,Recent phone,93,91,2,4523.06,0,1
2025-01-05,South China,Issuer D,Digital,Older phone,84,80,4,4093.69,0,1
2025-01-05,South China,Issuer D,Digital,Watch,81,77,4,3808.94,0,1
2025-01-05,West China,Issuer A,Retail,Recent phone,85,83,2,1867.91,0,1
2025-01-05,West China,Issuer A,Retail,Older phone,81,77,4,1863.08,0,1
2025-01-05,West China,Issuer A,Retail,Watch,69,66,3,1629.86,0,1
2025-01-05,West China,Issuer A,Dining,Recent phone,80,77,3,2356.81,0,1
2025-01-05,West China,Issuer A,Dining,Older phone,80,77,3,2359.49,0,1
2025-01-05,West China,Issuer A,Dining,Watch,75,68,7,2120.45,0,1
2025-01-05,West China,Issuer A,Transit,Recent phone,98,94,4,3619.08,0,1
2025-01-05,West China,Issuer A,Transit,Older phone,83,79,4,2911.33,0,1
2025-01-05,West China,Issuer A,Transit,Watch,75,71,4,2593.83,0,1
2025-01-05,West China,Issuer A,Grocery,Recent phone,112,108,4,4973.65,0,1
2025-01-05,West China,Issuer A,Grocery,Older phone,97,93,4,4065.12,0,1
2025-01-05,West China,Issuer A,Grocery,Watch,79,74,5,3455.98,0,1
2025-01-05,West China,Issuer A,Digital,Recent phone,104,99,5,5036.74,0,1
2025-01-05,West China,Issuer A,Digital,Older phone,97,92,5,4628.34,0,1
2025-01-05,West China,Issuer A,Digital,Watch,88,82,6,4414.37,0,1
2025-01-05,West China,Issuer B,Retail,Recent phone,88,85,3,1912.55,0,1
2025-01-05,West China,Issuer B,Retail,Older phone,83,80,3,1765.52,0,1
2025-01-05,West China,Issuer B,Retail,Watch,64,59,5,1361.39,0,1
2025-01-05,West China,Issuer B,Dining,Recent phone,88,82,6,2605.6,0,1
2025-01-05,West China,Issuer B,Dining,Older phone,85,81,4,2490.61,0,1
2025-01-05,West China,Issuer B,Dining,Watch,68,65,3,2077.16,0,1
2025-01-05,West China,Issuer B,Transit,Recent phone,94,93,1,3653.03,0,1
2025-01-05,West China,Issuer B,Transit,Older phone,93,86,7,3149.27,0,1
2025-01-05,West China,Issuer B,Transit,Watch,74,69,5,2652.82,0,1
2025-01-05,West China,Issuer B,Grocery,Recent phone,104,98,6,4392.93,0,1
2025-01-05,West China,Issuer B,Grocery,Older phone,94,88,6,4096.22,0,1
2025-01-05,West China,Issuer B,Grocery,Watch,83,78,5,3516.83,0,1
2025-01-05,West China,Issuer B,Digital,Recent phone,108,103,5,5538.91,0,1
2025-01-05,West China,Issuer B,Digital,Older phone,98,92,6,4740.75,0,1
2025-01-05,West China,Issuer B,Digital,Watch,96,90,6,4856.84,0,1
2025-01-05,West China,Issuer C,Retail,Recent phone,80,76,4,1961.89,0,1
2025-01-05,West China,Issuer C,Retail,Older phone,79,75,4,1804.19,0,1
2025-01-05,West China,Issuer C,Retail,Watch,71,65,6,1443.2,0,1
2025-01-05,West China,Issuer C,Dining,Recent phone,92,88,4,2766.24,0,1
2025-01-05,West China,Issuer C,Dining,Older phone,80,77,3,2499.27,0,1
2025-01-05,West China,Issuer C,Dining,Watch,67,63,4,1846.36,0,1
2025-01-05,West China,Issuer C,Transit,Recent phone,102,97,5,3498.61,0,1
2025-01-05,West China,Issuer C,Transit,Older phone,87,82,5,3124.04,0,1
2025-01-05,West China,Issuer C,Transit,Watch,79,74,5,2757.35,0,1
2025-01-05,West China,Issuer C,Grocery,Recent phone,109,106,3,4754.6,0,1
2025-01-05,West China,Issuer C,Grocery,Older phone,88,84,4,3707.31,0,1
2025-01-05,West China,Issuer C,Grocery,Watch,77,73,4,3262.92,0,1
2025-01-05,West China,Issuer C,Digital,Recent phone,102,97,5,5189.59,0,1
2025-01-05,West China,Issuer C,Digital,Older phone,100,96,4,5171.55,0,1
2025-01-05,West China,Issuer C,Digital,Watch,84,79,5,3961.8,0,1
2025-01-05,West China,Issuer D,Retail,Recent phone,81,78,3,1893.79,0,1
2025-01-05,West China,Issuer D,Retail,Older phone,74,71,3,1834.91,0,1
2025-01-05,West China,Issuer D,Retail,Watch,77,72,5,1700.91,0,1
2025-01-05,West China,Issuer D,Dining,Recent phone,90,87,3,2848.81,0,1
2025-01-05,West China,Issuer D,Dining,Older phone,78,75,3,2337.15,0,1
2025-01-05,West China,Issuer D,Dining,Watch,73,69,4,2099.61,0,1
2025-01-05,West China,Issuer D,Transit,Recent phone,97,93,4,3542.04,0,1
2025-01-05,West China,Issuer D,Transit,Older phone,86,82,4,3050.01,0,1
2025-01-05,West China,Issuer D,Transit,Watch,81,79,2,3059.05,0,1
2025-01-05,West China,Issuer D,Grocery,Recent phone,101,95,6,4368.07,0,1
2025-01-05,West China,Issuer D,Grocery,Older phone,80,75,5,3303.15,0,1
2025-01-05,West China,Issuer D,Grocery,Watch,81,76,5,3434.52,0,1
2025-01-05,West China,Issuer D,Digital,Recent phone,101,97,4,4945.2,0,1
2025-01-05,West China,Issuer D,Digital,Older phone,102,97,5,5031.47,0,1
2025-01-05,West China,Issuer D,Digital,Watch,90,85,5,4290.01,0,1
2025-01-06,East China,Issuer A,Retail,Recent phone,52,50,2,867.17,0,1
2025-01-06,East China,Issuer A,Retail,Older phone,44,43,1,737.33,0,1
2025-01-06,East China,Issuer A,Retail,Watch,47,44,3,741.68,0,1
2025-01-06,East China,Issuer A,Dining,Recent phone,56,53,3,1430.0,0,1
2025-01-06,East China,Issuer A,Dining,Older phone,46,43,3,1026.54,0,1
2025-01-06,East China,Issuer A,Dining,Watch,45,42,3,1002.12,0,1
2025-01-06,East China,Issuer A,Transit,Recent phone,68,66,2,2130.48,0,1
2025-01-06,East China,Issuer A,Transit,Older phone,54,53,1,1688.49,0,1
2025-01-06,East China,Issuer A,Transit,Watch,44,40,4,1261.27,0,1
2025-01-06,East China,Issuer A,Grocery,Recent phone,66,64,2,2472.9,0,1
2025-01-06,East China,Issuer A,Grocery,Older phone,51,48,3,1861.57,0,1
2025-01-06,East China,Issuer A,Grocery,Watch,55,54,1,2122.87,0,1
2025-01-06,East China,Issuer A,Digital,Recent phone,69,66,3,2957.84,0,1
2025-01-06,East China,Issuer A,Digital,Older phone,60,55,5,2483.22,0,1
2025-01-06,East China,Issuer A,Digital,Watch,57,53,4,2528.77,0,1
2025-01-06,East China,Issuer B,Retail,Recent phone,47,46,1,858.42,0,1
2025-01-06,East China,Issuer B,Retail,Older phone,39,37,2,614.57,0,1
2025-01-06,East China,Issuer B,Retail,Watch,34,33,1,637.81,0,1
2025-01-06,East China,Issuer B,Dining,Recent phone,49,47,2,1123.52,0,1
2025-01-06,East China,Issuer B,Dining,Older phone,50,48,2,1178.03,0,1
2025-01-06,East China,Issuer B,Dining,Watch,44,41,3,962.01,0,1
2025-01-06,East China,Issuer B,Transit,Recent phone,62,60,2,2015.87,0,1
2025-01-06,East China,Issuer B,Transit,Older phone,55,53,2,1755.61,0,1
2025-01-06,East China,Issuer B,Transit,Watch,41,39,2,1252.76,0,1
2025-01-06,East China,Issuer B,Grocery,Recent phone,71,69,2,2810.03,0,1
2025-01-06,East China,Issuer B,Grocery,Older phone,66,62,4,2427.33,0,1
2025-01-06,East China,Issuer B,Grocery,Watch,52,49,3,1920.83,0,1
2025-01-06,East China,Issuer B,Digital,Recent phone,62,60,2,2705.32,0,1
2025-01-06,East China,Issuer B,Digital,Older phone,61,60,1,2691.24,0,1
2025-01-06,East China,Issuer B,Digital,Watch,63,60,3,2705.01,0,1
2025-01-06,East China,Issuer C,Retail,Recent phone,53,52,1,1032.38,0,1
2025-01-06,East China,Issuer C,Retail,Older phone,45,44,1,732.16,0,1
2025-01-06,East China,Issuer C,Retail,Watch,37,36,1,628.5,0,1
2025-01-06,East China,Issuer C,Dining,Recent phone,53,52,1,1294.92,0,1
2025-01-06,East China,Issuer C,Dining,Older phone,45,44,1,1078.5,0,1
2025-01-06,East China,Issuer C,Dining,Watch,43,40,3,962.45,0,1
2025-01-06,East China,Issuer C,Transit,Recent phone,59,57,2,1720.1,0,1
2025-01-06,East China,Issuer C,Transit,Older phone,58,55,3,1671.95,0,1
2025-01-06,East China,Issuer C,Transit,Watch,42,40,2,1294.8,0,1
2025-01-06,East China,Issuer C,Grocery,Recent phone,67,63,4,2435.56,0,1
2025-01-06,East China,Issuer C,Grocery,Older phone,55,52,3,2011.77,0,1
2025-01-06,East China,Issuer C,Grocery,Watch,50,47,3,1904.65,0,1
2025-01-06,East China,Issuer C,Digital,Recent phone,64,62,2,2865.67,0,1
2025-01-06,East China,Issuer C,Digital,Older phone,69,66,3,3141.76,0,1
2025-01-06,East China,Issuer C,Digital,Watch,57,56,1,2542.25,0,1
2025-01-06,East China,Issuer D,Retail,Recent phone,57,55,2,1086.75,0,1
2025-01-06,East China,Issuer D,Retail,Older phone,47,45,2,842.14,0,1
2025-01-06,East China,Issuer D,Retail,Watch,33,31,2,553.87,0,1
2025-01-06,East China,Issuer D,Dining,Recent phone,59,57,2,1395.9,0,1
2025-01-06,East China,Issuer D,Dining,Older phone,52,51,1,1263.01,0,1
2025-01-06,East China,Issuer D,Dining,Watch,42,39,3,897.56,0,1
2025-01-06,East China,Issuer D,Transit,Recent phone,61,59,2,1998.07,0,1
2025-01-06,East China,Issuer D,Transit,Older phone,60,57,3,1739.7,0,1
2025-01-06,East China,Issuer D,Transit,Watch,49,46,3,1521.32,0,1
2025-01-06,East China,Issuer D,Grocery,Recent phone,75,72,3,2740.42,0,1
2025-01-06,East China,Issuer D,Grocery,Older phone,67,63,4,2559.5,0,1
2025-01-06,East China,Issuer D,Grocery,Watch,53,48,5,1868.79,0,1
2025-01-06,East China,Issuer D,Digital,Recent phone,72,70,2,3282.76,0,1
2025-01-06,East China,Issuer D,Digital,Older phone,61,59,2,2666.21,0,1
2025-01-06,East China,Issuer D,Digital,Watch,52,49,3,2158.84,0,1
2025-01-06,North China,Issuer A,Retail,Recent phone,56,53,3,1115.2,0,1
2025-01-06,North China,Issuer A,Retail,Older phone,60,57,3,1087.96,0,1
2025-01-06,North China,Issuer A,Retail,Watch,49,46,3,895.43,0,1
2025-01-06,North China,Issuer A,Dining,Recent phone,68,66,2,1669.52,0,1
2025-01-06,North China,Issuer A,Dining,Older phone,53,50,3,1288.74,0,1
2025-01-06,North China,Issuer A,Dining,Watch,50,49,1,1406.24,0,1
2025-01-06,North China,Issuer A,Transit,Recent phone,64,62,2,2230.35,0,1
2025-01-06,North China,Issuer A,Transit,Older phone,65,62,3,2086.33,0,1
2025-01-06,North China,Issuer A,Transit,Watch,52,48,4,1679.99,0,1
2025-01-06,North China,Issuer A,Grocery,Recent phone,71,68,3,2801.54,0,1
2025-01-06,North China,Issuer A,Grocery,Older phone,76,72,4,2969.21,0,1
2025-01-06,North China,Issuer A,Grocery,Watch,58,54,4,2138.24,0,1
2025-01-06,North China,Issuer A,Digital,Recent phone,77,74,3,3592.78,0,1
2025-01-06,North China,Issuer A,Digital,Older phone,74,72,2,3346.41,0,1
2025-01-06,North China,Issuer A,Digital,Watch,63,58,5,2834.48,0,1
2025-01-06,North China,Issuer B,Retail,Recent phone,60,57,3,1205.19,0,1
2025-01-06,North China,Issuer B,Retail,Older phone,53,52,1,954.56,0,1
2025-01-06,North China,Issuer B,Retail,Watch,45,44,1,801.66,0,1
2025-01-06,North China,Issuer B,Dining,Recent phone,59,57,2,1591.39,0,1
2025-01-06,North China,Issuer B,Dining,Older phone,67,66,1,1762.58,0,1
2025-01-06,North China,Issuer B,Dining,Watch,40,39,1,1129.37,0,1
2025-01-06,North China,Issuer B,Transit,Recent phone,69,67,2,2273.62,0,1
2025-01-06,North China,Issuer B,Transit,Older phone,58,56,2,1856.67,0,1
2025-01-06,North China,Issuer B,Transit,Watch,62,57,5,2028.01,0,1
2025-01-06,North China,Issuer B,Grocery,Recent phone,88,84,4,3283.86,0,1
2025-01-06,North China,Issuer B,Grocery,Older phone,73,69,4,2780.4,0,1
2025-01-06,North China,Issuer B,Grocery,Watch,64,59,5,2410.95,0,1
2025-01-06,North China,Issuer B,Digital,Recent phone,79,75,4,3529.07,0,1
2025-01-06,North China,Issuer B,Digital,Older phone,77,74,3,3567.76,0,1
2025-01-06,North China,Issuer B,Digital,Watch,53,53,0,2560.39,0,1
2025-01-06,North China,Issuer C,Retail,Recent phone,66,62,4,1246.88,0,1
2025-01-06,North China,Issuer C,Retail,Older phone,60,58,2,1126.35,0,1
2025-01-06,North China,Issuer C,Retail,Watch,45,41,4,753.75,0,1
2025-01-06,North China,Issuer C,Dining,Recent phone,62,60,2,1668.69,0,1
2025-01-06,North China,Issuer C,Dining,Older phone,63,60,3,1701.27,0,1
2025-01-06,North China,Issuer C,Dining,Watch,55,53,2,1479.75,0,1
2025-01-06,North China,Issuer C,Transit,Recent phone,68,67,1,2398.67,0,1
2025-01-06,North China,Issuer C,Transit,Older phone,65,61,4,2041.69,0,1
2025-01-06,North China,Issuer C,Transit,Watch,65,61,4,1962.86,0,1
2025-01-06,North China,Issuer C,Grocery,Recent phone,70,67,3,2756.26,0,1
2025-01-06,North China,Issuer C,Grocery,Older phone,71,69,2,2779.53,0,1
2025-01-06,North China,Issuer C,Grocery,Watch,72,68,4,2788.82,0,1
2025-01-06,North China,Issuer C,Digital,Recent phone,81,77,4,3783.28,0,1
2025-01-06,North China,Issuer C,Digital,Older phone,78,76,2,3585.92,0,1
2025-01-06,North China,Issuer C,Digital,Watch,64,61,3,2921.05,0,1
2025-01-06,North China,Issuer D,Retail,Recent phone,57,56,1,1016.64,0,1
2025-01-06,North China,Issuer D,Retail,Older phone,42,40,2,860.16,0,1
2025-01-06,North China,Issuer D,Retail,Watch,34,34,0,674.41,0,1
2025-01-06,North China,Issuer D,Dining,Recent phone,64,62,2,1669.05,0,1
2025-01-06,North China,Issuer D,Dining,Older phone,63,61,2,1631.78,0,1
2025-01-06,North China,Issuer D,Dining,Watch,37,36,1,1007.85,0,1
2025-01-06,North China,Issuer D,Transit,Recent phone,76,73,3,2460.75,0,1
2025-01-06,North China,Issuer D,Transit,Older phone,66,64,2,2150.38,0,1
2025-01-06,North China,Issuer D,Transit,Watch,54,51,3,1699.48,0,1
2025-01-06,North China,Issuer D,Grocery,Recent phone,65,62,3,2605.46,0,1
2025-01-06,North China,Issuer D,Grocery,Older phone,67,63,4,2554.03,0,1
2025-01-06,North China,Issuer D,Grocery,Watch,60,56,4,2290.32,0,1
2025-01-06,North China,Issuer D,Digital,Recent phone,82,77,5,3748.93,0,1
2025-01-06,North China,Issuer D,Digital,Older phone,65,62,3,3049.92,0,1
2025-01-06,North China,Issuer D,Digital,Watch,67,61,6,2971.04,0,1
2025-01-06,South China,Issuer A,Retail,Recent phone,66,63,3,1393.56,0,1
2025-01-06,South China,Issuer A,Retail,Older phone,59,56,3,1227.49,0,1
2025-01-06,South China,Issuer A,Retail,Watch,51,49,2,1055.04,0,1
2025-01-06,South China,Issuer A,Dining,Recent phone,74,70,4,1929.16,0,1
2025-01-06,South China,Issuer A,Dining,Older phone,68,66,2,1850.26,0,1
2025-01-06,South China,Issuer A,Dining,Watch,49,48,1,1409.5,0,1
2025-01-06,South China,Issuer A,Transit,Recent phone,79,75,4,2553.11,0,1
2025-01-06,South China,Issuer A,Transit,Older phone,68,65,3,2397.75,0,1
2025-01-06,South China,Issuer A,Transit,Watch,67,65,2,2392.89,0,1
2025-01-06,South China,Issuer A,Grocery,Recent phone,77,74,3,3063.09,0,1
2025-01-06,South China,Issuer A,Grocery,Older phone,78,72,6,3114.53,0,1
2025-01-06,South China,Issuer A,Grocery,Watch,74,71,3,3153.84,0,1
2025-01-06,South China,Issuer A,Digital,Recent phone,87,83,4,4126.72,0,1
2025-01-06,South China,Issuer A,Digital,Older phone,74,70,4,3412.58,0,1
2025-01-06,South China,Issuer A,Digital,Watch,63,59,4,2960.02,0,1
2025-01-06,South China,Issuer B,Retail,Recent phone,56,53,3,1180.91,0,1
2025-01-06,South China,Issuer B,Retail,Older phone,54,52,2,1157.32,0,1
2025-01-06,South China,Issuer B,Retail,Watch,63,60,3,1390.48,0,1
2025-01-06,South China,Issuer B,Dining,Recent phone,67,65,2,1768.36,0,1
2025-01-06,South China,Issuer B,Dining,Older phone,67,63,4,1855.43,0,1
2025-01-06,South China,Issuer B,Dining,Watch,60,55,5,1499.97,0,1
2025-01-06,South China,Issuer B,Transit,Recent phone,80,77,3,2737.78,0,1
2025-01-06,South China,Issuer B,Transit,Older phone,75,70,5,2546.19,0,1
2025-01-06,South China,Issuer B,Transit,Watch,57,55,2,1920.75,0,1
2025-01-06,South China,Issuer B,Grocery,Recent phone,82,79,3,3325.37,0,1
2025-01-06,South China,Issuer B,Grocery,Older phone,78,75,3,3245.32,0,1
2025-01-06,South China,Issuer B,Grocery,Watch,69,65,4,2689.73,0,1
2025-01-06,South China,Issuer B,Digital,Recent phone,88,84,4,4213.86,0,1
2025-01-06,South China,Issuer B,Digital,Older phone,87,82,5,4094.1,0,1
2025-01-06,South China,Issuer B,Digital,Watch,78,75,3,3783.87,0,1
2025-01-06,South China,Issuer C,Retail,Recent phone,61,58,3,1382.73,0,1
2025-01-06,South China,Issuer C,Retail,Older phone,64,60,4,1312.93,0,1
2025-01-06,South China,Issuer C,Retail,Watch,57,56,1,1303.51,0,1
2025-01-06,South China,Issuer C,Dining,Recent phone,76,74,2,2279.88,0,1
2025-01-06,South China,Issuer C,Dining,Older phone,69,66,3,1826.07,0,1
2025-01-06,South China,Issuer C,Dining,Watch,63,58,5,1617.66,0,1
2025-01-06,South China,Issuer C,Transit,Recent phone,73,71,2,2446.74,0,1
2025-01-06,South China,Issuer C,Transit,Older phone,71,68,3,2544.28,0,1
2025-01-06,South China,Issuer C,Transit,Watch,67,64,3,2367.57,0,1
2025-01-06,South China,Issuer C,Grocery,Recent phone,88,85,3,3676.61,0,1
2025-01-06,South China,Issuer C,Grocery,Older phone,78,75,3,3195.72,0,1
2025-01-06,South China,Issuer C,Grocery,Watch,75,72,3,3113.71,0,1
2025-01-06,South China,Issuer C,Digital,Recent phone,80,78,2,4006.55,0,1
2025-01-06,South China,Issuer C,Digital,Older phone,89,83,6,4175.29,0,1
2025-01-06,South China,Issuer C,Digital,Watch,79,74,5,3656.79,0,1
2025-01-06,South China,Issuer D,Retail,Recent phone,57,53,4,1061.28,0,1
2025-01-06,South China,Issuer D,Retail,Older phone,55,52,3,1158.94,0,1
2025-01-06,South China,Issuer D,Retail,Watch,69,65,4,1504.83,0,1
2025-01-06,South China,Issuer D,Dining,Recent phone,74,70,4,2024.38,0,1
2025-01-06,South China,Issuer D,Dining,Older phone,65,61,4,1703.47,0,1
2025-01-06,South China,Issuer D,Dining,Watch,65,61,4,1872.71,0,1
2025-01-06,South China,Issuer D,Transit,Recent phone,75,73,2,2634.36,0,1
2025-01-06,South China,Issuer D,Transit,Older phone,76,72,4,2613.16,0,1
2025-01-06,South China,Issuer D,Transit,Watch,54,53,1,1972.61,0,1
2025-01-06,South China,Issuer D,Grocery,Recent phone,80,76,4,3414.28,0,1
2025-01-06,South China,Issuer D,Grocery,Older phone,77,72,5,2978.12,0,1
2025-01-06,South China,Issuer D,Grocery,Watch,69,65,4,2729.29,0,1
2025-01-06,South China,Issuer D,Digital,Recent phone,87,85,2,4334.19,0,1
2025-01-06,South China,Issuer D,Digital,Older phone,84,80,4,3880.71,0,1
2025-01-06,South China,Issuer D,Digital,Watch,73,69,4,3569.04,0,1
2025-01-06,West China,Issuer A,Retail,Recent phone,75,72,3,1790.0,0,1
2025-01-06,West China,Issuer A,Retail,Older phone,77,73,4,1662.86,0,1
2025-01-06,West China,Issuer A,Retail,Watch,66,64,2,1581.25,0,1
2025-01-06,West China,Issuer A,Dining,Recent phone,87,84,3,2660.45,0,1
2025-01-06,West China,Issuer A,Dining,Older phone,73,69,4,2186.18,0,1
2025-01-06,West China,Issuer A,Dining,Watch,64,58,6,1804.91,0,1
2025-01-06,West China,Issuer A,Transit,Recent phone,89,85,4,3281.21,0,1
2025-01-06,West China,Issuer A,Transit,Older phone,77,74,3,2804.74,0,1
2025-01-06,West China,Issuer A,Transit,Watch,67,64,3,2455.66,0,1
2025-01-06,West China,Issuer A,Grocery,Recent phone,89,86,3,4013.36,0,1
2025-01-06,West China,Issuer A,Grocery,Older phone,81,75,6,3353.07,0,1
2025-01-06,West China,Issuer A,Grocery,Watch,75,70,5,3163.19,0,1
2025-01-06,West China,Issuer A,Digital,Recent phone,94,90,4,4752.29,0,1
2025-01-06,West China,Issuer A,Digital,Older phone,85,80,5,4114.24,0,1
2025-01-06,West China,Issuer A,Digital,Watch,88,84,4,4309.31,0,1
2025-01-06,West China,Issuer B,Retail,Recent phone,82,78,4,1858.97,0,1
2025-01-06,West China,Issuer B,Retail,Older phone,64,62,2,1494.84,0,1
2025-01-06,West China,Issuer B,Retail,Watch,49,48,1,1108.18,0,1
2025-01-06,West China,Issuer B,Dining,Recent phone,79,75,4,2471.75,0,1
2025-01-06,West China,Issuer B,Dining,Older phone,77,72,5,2097.8,0,1
2025-01-06,West China,Issuer B,Dining,Watch,70,67,3,2014.83,0,1
2025-01-06,West China,Issuer B,Transit,Recent phone,84,80,4,2894.0,0,1
2025-01-06,West China,Issuer B,Transit,Older phone,76,73,3,2894.28,0,1
2025-01-06,West China,Issuer B,Transit,Watch,72,67,5,2509.69,0,1
2025-01-06,West China,Issuer B,Grocery,Recent phone,93,87,6,4067.0,0,1
2025-01-06,West China,Issuer B,Grocery,Older phone,87,83,4,3735.92,0,1
2025-01-06,West China,Issuer B,Grocery,Watch,82,78,4,3428.5,0,1
2025-01-06,West China,Issuer B,Digital,Recent phone,92,87,5,4680.51,0,1
2025-01-06,West China,Issuer B,Digital,Older phone,93,88,5,4623.45,0,1
2025-01-06,West China,Issuer B,Digital,Watch,83,79,4,3955.87,0,1
2025-01-06,West China,Issuer C,Retail,Recent phone,80,76,4,1772.89,0,1
2025-01-06,West China,Issuer C,Retail,Older phone,69,67,2,1597.58,0,1
2025-01-06,West China,Issuer C,Retail,Watch,66,62,4,1483.58,0,1
2025-01-06,West China,Issuer C,Dining,Recent phone,80,76,4,2273.37,0,1
2025-01-06,West China,Issuer C,Dining,Older phone,86,82,4,2507.39,0,1
2025-01-06,West China,Issuer C,Dining,Watch,55,51,4,1502.05,0,1
2025-01-06,West China,Issuer C,Transit,Recent phone,86,82,4,2966.14,0,1
2025-01-06,West China,Issuer C,Transit,Older phone,73,69,4,2647.16,0,1
2025-01-06,West China,Issuer C,Transit,Watch,69,65,4,2461.49,0,1
2025-01-06,West China,Issuer C,Grocery,Recent phone,90,86,4,3877.41,0,1
2025-01-06,West China,Issuer C,Grocery,Older phone,77,73,4,3142.13,0,1
2025-01-06,West China,Issuer C,Grocery,Watch,71,65,6,2966.59,0,1
2025-01-06,West China,Issuer C,Digital,Recent phone,97,91,6,4652.23,0,1
2025-01-06,West China,Issuer C,Digital,Older phone,89,84,5,4215.09,0,1
2025-01-06,West China,Issuer C,Digital,Watch,83,80,3,4119.6,0,1
2025-01-06,West China,Issuer D,Retail,Recent phone,85,81,4,2088.38,0,1
2025-01-06,West China,Issuer D,Retail,Older phone,69,66,3,1628.57,0,1
2025-01-06,West China,Issuer D,Retail,Watch,64,62,2,1523.57,0,1
2025-01-06,West China,Issuer D,Dining,Recent phone,75,72,3,2333.7,0,1
2025-01-06,West China,Issuer D,Dining,Older phone,72,68,4,2077.0,0,1
2025-01-06,West China,Issuer D,Dining,Watch,61,57,4,1674.84,0,1
2025-01-06,West China,Issuer D,Transit,Recent phone,88,85,3,3150.88,0,1
2025-01-06,West China,Issuer D,Transit,Older phone,80,75,5,2901.94,0,1
2025-01-06,West China,Issuer D,Transit,Watch,69,65,4,2543.44,0,1
2025-01-06,West China,Issuer D,Grocery,Recent phone,98,92,6,4204.88,0,1
2025-01-06,West China,Issuer D,Grocery,Older phone,85,80,5,3497.83,0,1
2025-01-06,West China,Issuer D,Grocery,Watch,76,71,5,3194.65,0,1
2025-01-06,West China,Issuer D,Digital,Recent phone,92,89,3,4700.32,0,1
2025-01-06,West China,Issuer D,Digital,Older phone,97,94,3,4905.76,0,1
2025-01-06,West China,Issuer D,Digital,Watch,83,78,5,4176.9,0,1
2025-01-07,East China,Issuer A,Retail,Recent phone,58,56,2,1034.24,0,1
2025-01-07,East China,Issuer A,Retail,Older phone,49,48,1,805.46,0,1
2025-01-07,East China,Issuer A,Retail,Watch,42,40,2,733.07,0,1
2025-01-07,East China,Issuer A,Dining,Recent phone,62,62,0,1577.16,0,1
2025-01-07,East China,Issuer A,Dining,Older phone,43,39,4,897.56,0,1
2025-01-07,East China,Issuer A,Dining,Watch,42,39,3,917.78,0,1
2025-01-07,East China,Issuer A,Transit,Recent phone,65,62,3,1911.69,0,1
2025-01-07,East China,Issuer A,Transit,Older phone,58,56,2,1699.91,0,1
2025-01-07,East China,Issuer A,Transit,Watch,46,46,0,1395.53,0,1
2025-01-07,East China,Issuer A,Grocery,Recent phone,69,69,0,2554.44,0,1
2025-01-07,East China,Issuer A,Grocery,Older phone,58,56,2,2096.0,0,1
2025-01-07,East China,Issuer A,Grocery,Watch,52,48,4,1851.8,0,1
2025-01-07,East China,Issuer A,Digital,Recent phone,63,60,3,2680.61,0,1
2025-01-07,East China,Issuer A,Digital,Older phone,63,61,2,2913.44,0,1
2025-01-07,East China,Issuer A,Digital,Watch,49,47,2,2229.69,0,1
2025-01-07,East China,Issuer B,Retail,Recent phone,49,47,2,866.84,0,1
2025-01-07,East China,Issuer B,Retail,Older phone,43,41,2,793.97,0,1
2025-01-07,East China,Issuer B,Retail,Watch,34,31,3,597.6,0,1
2025-01-07,East China,Issuer B,Dining,Recent phone,61,58,3,1392.24,0,1
2025-01-07,East China,Issuer B,Dining,Older phone,45,42,3,1064.51,0,1
2025-01-07,East China,Issuer B,Dining,Watch,46,44,2,1143.23,0,1
2025-01-07,East China,Issuer B,Transit,Recent phone,56,55,1,1682.01,0,1
2025-01-07,East China,Issuer B,Transit,Older phone,60,58,2,1803.68,0,1
2025-01-07,East China,Issuer B,Transit,Watch,59,57,2,1830.52,0,1
2025-01-07,East China,Issuer B,Grocery,Recent phone,67,65,2,2584.99,0,1
2025-01-07,East China,Issuer B,Grocery,Older phone,59,55,4,2053.13,0,1
2025-01-07,East China,Issuer B,Grocery,Watch,46,43,3,1693.92,0,1
2025-01-07,East China,Issuer B,Digital,Recent phone,69,67,2,3197.85,0,1
2025-01-07,East China,Issuer B,Digital,Older phone,67,63,4,2780.07,0,1
2025-01-07,East China,Issuer B,Digital,Watch,49,47,2,2204.57,0,1
2025-01-07,East China,Issuer C,Retail,Recent phone,46,45,1,887.07,0,1
2025-01-07,East China,Issuer C,Retail,Older phone,47,45,2,866.24,0,1
2025-01-07,East China,Issuer C,Retail,Watch,42,40,2,739.57,0,1
2025-01-07,East China,Issuer C,Dining,Recent phone,61,58,3,1386.95,0,1
2025-01-07,East China,Issuer C,Dining,Older phone,49,46,3,1084.33,0,1
2025-01-07,East China,Issuer C,Dining,Watch,40,37,3,976.36,0,1
2025-01-07,East China,Issuer C,Transit,Recent phone,65,64,1,2114.63,0,1
2025-01-07,East China,Issuer C,Transit,Older phone,67,64,3,2011.82,0,1
2025-01-07,East China,Issuer C,Transit,Watch,44,41,3,1313.35,0,1
2025-01-07,East China,Issuer C,Grocery,Recent phone,74,71,3,2892.09,0,1
2025-01-07,East China,Issuer C,Grocery,Older phone,56,53,3,2060.41,0,1
2025-01-07,East China,Issuer C,Grocery,Watch,57,55,2,2194.63,0,1
2025-01-07,East China,Issuer C,Digital,Recent phone,73,69,4,3125.52,0,1
2025-01-07,East China,Issuer C,Digital,Older phone,63,59,4,2701.33,0,1
2025-01-07,East China,Issuer C,Digital,Watch,56,55,1,2532.1,0,1
2025-01-07,East China,Issuer D,Retail,Recent phone,48,46,2,753.13,0,1
2025-01-07,East China,Issuer D,Retail,Older phone,42,41,1,792.97,0,1
2025-01-07,East China,Issuer D,Retail,Watch,36,34,2,652.6,0,1
2025-01-07,East China,Issuer D,Dining,Recent phone,48,45,3,1077.27,0,1
2025-01-07,East China,Issuer D,Dining,Older phone,44,43,1,1052.49,0,1
2025-01-07,East China,Issuer D,Dining,Watch,42,38,4,925.45,0,1
2025-01-07,East China,Issuer D,Transit,Recent phone,60,57,3,1920.44,0,1
2025-01-07,East China,Issuer D,Transit,Older phone,61,57,4,1792.2,0,1
2025-01-07,East China,Issuer D,Transit,Watch,52,47,5,1576.06,0,1
2025-01-07,East China,Issuer D,Grocery,Recent phone,62,60,2,2402.31,0,1
2025-01-07,East China,Issuer D,Grocery,Older phone,64,63,1,2478.29,0,1
2025-01-07,East China,Issuer D,Grocery,Watch,52,51,1,1992.16,0,1
2025-01-07,East China,Issuer D,Digital,Recent phone,72,68,4,3014.98,0,1
2025-01-07,East China,Issuer D,Digital,Older phone,58,55,3,2498.96,0,1
2025-01-07,East China,Issuer D,Digital,Watch,56,52,4,2399.08,0,1
2025-01-07,North China,Issuer A,Retail,Recent phone,63,61,2,1223.31,0,1
2025-01-07,North China,Issuer A,Retail,Older phone,61,59,2,1074.41,0,1
2025-01-07,North China,Issuer A,Retail,Watch,48,45,3,856.96,0,1
2025-01-07,North China,Issuer A,Dining,Recent phone,61,57,4,1644.52,0,1
2025-01-07,North China,Issuer A,Dining,Older phone,61,59,2,1602.57,0,1
2025-01-07,North China,Issuer A,Dining,Watch,49,46,3,1304.66,0,1
2025-01-07,North China,Issuer A,Transit,Recent phone,70,65,5,2100.57,0,1
2025-01-07,North China,Issuer A,Transit,Older phone,62,60,2,2012.15,0,1
2025-01-07,North China,Issuer A,Transit,Watch,65,63,2,2104.4,0,1
2025-01-07,North China,Issuer A,Grocery,Recent phone,75,73,2,2965.88,0,1
2025-01-07,North China,Issuer A,Grocery,Older phone,67,64,3,2521.59,0,1
2025-01-07,North China,Issuer A,Grocery,Watch,65,61,4,2607.77,0,1
2025-01-07,North China,Issuer A,Digital,Recent phone,84,82,2,4037.91,0,1
2025-01-07,North China,Issuer A,Digital,Older phone,72,69,3,3214.07,0,1
2025-01-07,North China,Issuer A,Digital,Watch,66,63,3,2915.63,0,1
2025-01-07,North China,Issuer B,Retail,Recent phone,66,64,2,1296.98,0,1
2025-01-07,North China,Issuer B,Retail,Older phone,53,50,3,956.23,0,1
2025-01-07,North China,Issuer B,Retail,Watch,45,45,0,831.11,0,1
2025-01-07,North China,Issuer B,Dining,Recent phone,62,59,3,1535.14,0,1
2025-01-07,North China,Issuer B,Dining,Older phone,52,50,2,1373.32,0,1
2025-01-07,North China,Issuer B,Dining,Watch,47,45,2,1287.43,0,1
2025-01-07,North China,Issuer B,Transit,Recent phone,75,71,4,2376.49,0,1
2025-01-07,North China,Issuer B,Transit,Older phone,62,59,3,1910.26,0,1
2025-01-07,North China,Issuer B,Transit,Watch,64,63,1,2233.22,0,1
2025-01-07,North China,Issuer B,Grocery,Recent phone,71,66,5,2776.19,0,1
2025-01-07,North China,Issuer B,Grocery,Older phone,60,59,1,2357.88,0,1
2025-01-07,North China,Issuer B,Grocery,Watch,52,49,3,2069.54,0,1
2025-01-07,North China,Issuer B,Digital,Recent phone,84,80,4,3715.29,0,1
2025-01-07,North China,Issuer B,Digital,Older phone,74,72,2,3476.11,0,1
2025-01-07,North China,Issuer B,Digital,Watch,65,61,4,2984.89,0,1
2025-01-07,North China,Issuer C,Retail,Recent phone,52,49,3,1070.42,0,1
2025-01-07,North China,Issuer C,Retail,Older phone,45,43,2,863.42,0,1
2025-01-07,North China,Issuer C,Retail,Watch,47,44,3,817.86,0,1
2025-01-07,North China,Issuer C,Dining,Recent phone,64,61,3,1611.94,0,1
2025-01-07,North China,Issuer C,Dining,Older phone,57,55,2,1416.96,0,1
2025-01-07,North China,Issuer C,Dining,Watch,60,57,3,1636.42,0,1
2025-01-07,North China,Issuer C,Transit,Recent phone,73,71,2,2308.6,0,1
2025-01-07,North China,Issuer C,Transit,Older phone,63,60,3,2150.47,0,1
2025-01-07,North China,Issuer C,Transit,Watch,54,52,2,1868.97,0,1
2025-01-07,North China,Issuer C,Grocery,Recent phone,63,59,4,2435.01,0,1
2025-01-07,North China,Issuer C,Grocery,Older phone,68,63,5,2653.89,0,1
2025-01-07,North China,Issuer C,Grocery,Watch,61,57,4,2331.49,0,1
2025-01-07,North China,Issuer C,Digital,Recent phone,81,78,3,3745.68,0,1
2025-01-07,North China,Issuer C,Digital,Older phone,70,66,4,3085.73,0,1
2025-01-07,North China,Issuer C,Digital,Watch,71,68,3,3306.02,0,1
2025-01-07,North China,Issuer D,Retail,Recent phone,51,50,1,980.21,0,1
2025-01-07,North China,Issuer D,Retail,Older phone,48,46,2,1007.56,0,1
2025-01-07,North China,Issuer D,Retail,Watch,47,45,2,940.39,0,1
2025-01-07,North China,Issuer D,Dining,Recent phone,67,63,4,1770.22,0,1
2025-01-07,North China,Issuer D,Dining,Older phone,60,57,3,1485.79,0,1
2025-01-07,North China,Issuer D,Dining,Watch,48,43,5,1113.23,0,1
2025-01-07,North China,Issuer D,Transit,Recent phone,67,66,1,2136.35,0,1
2025-01-07,North China,Issuer D,Transit,Older phone,57,55,2,1960.96,0,1
2025-01-07,North China,Issuer D,Transit,Watch,59,56,3,1873.3,0,1
2025-01-07,North China,Issuer D,Grocery,Recent phone,83,81,2,3242.14,0,1
2025-01-07,North China,Issuer D,Grocery,Older phone,60,59,1,2513.01,0,1
2025-01-07,North China,Issuer D,Grocery,Watch,65,64,1,2508.47,0,1
2025-01-07,North China,Issuer D,Digital,Recent phone,79,78,1,3684.05,0,1
2025-01-07,North China,Issuer D,Digital,Older phone,85,80,5,3792.99,0,1
2025-01-07,North China,Issuer D,Digital,Watch,78,75,3,3538.35,0,1
2025-01-07,South China,Issuer A,Retail,Recent phone,74,71,3,1632.68,0,1
2025-01-07,South China,Issuer A,Retail,Older phone,64,62,2,1336.39,0,1
2025-01-07,South China,Issuer A,Retail,Watch,57,55,2,1185.43,0,1
2025-01-07,South China,Issuer A,Dining,Recent phone,78,75,3,2168.24,0,1
2025-01-07,South China,Issuer A,Dining,Older phone,65,63,2,1783.47,0,1
2025-01-07,South China,Issuer A,Dining,Watch,58,54,4,1592.34,0,1
2025-01-07,South China,Issuer A,Transit,Recent phone,79,77,2,2687.9,0,1
2025-01-07,South China,Issuer A,Transit,Older phone,71,66,5,2312.43,0,1
2025-01-07,South China,Issuer A,Transit,Watch,60,59,1,2106.45,0,1
2025-01-07,South China,Issuer A,Grocery,Recent phone,84,77,7,3285.35,0,1
2025-01-07,South China,Issuer A,Grocery,Older phone,74,69,5,2977.84,0,1
2025-01-07,South China,Issuer A,Grocery,Watch,83,78,5,3333.91,0,1
2025-01-07,South China,Issuer A,Digital,Recent phone,83,80,3,3923.29,0,1
2025-01-07,South China,Issuer A,Digital,Older phone,87,83,4,4289.34,0,1
2025-01-07,South China,Issuer A,Digital,Watch,77,73,4,3536.27,0,1
2025-01-07,South China,Issuer B,Retail,Recent phone,75,72,3,1725.76,0,1
2025-01-07,South China,Issuer B,Retail,Older phone,62,61,1,1250.9,0,1
2025-01-07,South China,Issuer B,Retail,Watch,56,53,3,1132.65,0,1
2025-01-07,South China,Issuer B,Dining,Recent phone,78,74,4,2065.68,0,1
2025-01-07,South China,Issuer B,Dining,Older phone,59,58,1,1567.63,0,1
2025-01-07,South China,Issuer B,Dining,Watch,57,55,2,1685.73,0,1
2025-01-07,South China,Issuer B,Transit,Recent phone,80,77,3,2824.53,0,1
2025-01-07,South China,Issuer B,Transit,Older phone,77,74,3,2604.78,0,1
2025-01-07,South China,Issuer B,Transit,Watch,63,59,4,2211.55,0,1
2025-01-07,South China,Issuer B,Grocery,Recent phone,85,81,4,3578.77,0,1
2025-01-07,South China,Issuer B,Grocery,Older phone,82,77,5,3166.26,0,1
2025-01-07,South China,Issuer B,Grocery,Watch,70,66,4,2902.46,0,1
2025-01-07,South China,Issuer B,Digital,Recent phone,86,82,4,4062.92,0,1
2025-01-07,South China,Issuer B,Digital,Older phone,79,75,4,3616.89,0,1
2025-01-07,South China,Issuer B,Digital,Watch,77,72,5,3457.35,0,1
2025-01-07,South China,Issuer C,Retail,Recent phone,67,65,2,1387.23,0,1
2025-01-07,South China,Issuer C,Retail,Older phone,61,56,5,1185.8,0,1
2025-01-07,South China,Issuer C,Retail,Watch,54,50,4,1184.23,0,1
2025-01-07,South China,Issuer C,Dining,Recent phone,71,68,3,1885.17,0,1
2025-01-07,South China,Issuer C,Dining,Older phone,64,62,2,1704.65,0,1
2025-01-07,South China,Issuer C,Dining,Watch,70,65,5,1810.18,0,1
2025-01-07,South China,Issuer C,Transit,Recent phone,88,84,4,2886.06,0,1
2025-01-07,South China,Issuer C,Transit,Older phone,64,61,3,2224.04,0,1
2025-01-07,South China,Issuer C,Transit,Watch,68,66,2,2403.86,0,1
2025-01-07,South China,Issuer C,Grocery,Recent phone,95,91,4,3871.05,0,1
2025-01-07,South China,Issuer C,Grocery,Older phone,70,66,4,2781.48,0,1
2025-01-07,South China,Issuer C,Grocery,Watch,76,72,4,3039.11,0,1
2025-01-07,South China,Issuer C,Digital,Recent phone,83,79,4,3873.07,0,1
2025-01-07,South China,Issuer C,Digital,Older phone,89,84,5,4308.17,0,1
2025-01-07,South China,Issuer C,Digital,Watch,70,67,3,3364.53,0,1
2025-01-07,South China,Issuer D,Retail,Recent phone,66,63,3,1501.66,0,1
2025-01-07,South China,Issuer D,Retail,Older phone,64,61,3,1437.27,0,1
2025-01-07,South China,Issuer D,Retail,Watch,46,45,1,945.09,0,1
2025-01-07,South China,Issuer D,Dining,Recent phone,79,73,6,1971.21,0,1
2025-01-07,South China,Issuer D,Dining,Older phone,70,66,4,1847.73,0,1
2025-01-07,South China,Issuer D,Dining,Watch,53,51,2,1526.25,0,1
2025-01-07,South China,Issuer D,Transit,Recent phone,83,80,3,2976.59,0,1
2025-01-07,South China,Issuer D,Transit,Older phone,68,65,3,2228.55,0,1
2025-01-07,South China,Issuer D,Transit,Watch,66,62,4,2148.73,0,1
2025-01-07,South China,Issuer D,Grocery,Recent phone,88,83,5,3575.89,0,1
2025-01-07,South China,Issuer D,Grocery,Older phone,78,75,3,3282.91,0,1
2025-01-07,South China,Issuer D,Grocery,Watch,73,69,4,2949.97,0,1
2025-01-07,South China,Issuer D,Digital,Recent phone,91,86,5,4195.17,0,1
2025-01-07,South China,Issuer D,Digital,Older phone,79,76,3,3725.71,0,1
2025-01-07,South China,Issuer D,Digital,Watch,75,72,3,3711.36,0,1
2025-01-07,West China,Issuer A,Retail,Recent phone,75,73,2,1866.92,0,1
2025-01-07,West China,Issuer A,Retail,Older phone,76,72,4,1864.49,0,1
2025-01-07,West China,Issuer A,Retail,Watch,62,58,4,1295.37,0,1
2025-01-07,West China,Issuer A,Dining,Recent phone,84,81,3,2583.6,0,1
2025-01-07,West China,Issuer A,Dining,Older phone,80,77,3,2534.43,0,1
2025-01-07,West China,Issuer A,Dining,Watch,74,70,4,2136.7,0,1
2025-01-07,West China,Issuer A,Transit,Recent phone,92,91,1,3363.79,0,1
2025-01-07,West China,Issuer A,Transit,Older phone,73,70,3,2724.79,0,1
2025-01-07,West China,Issuer A,Transit,Watch,72,67,5,2473.75,0,1
2025-01-07,West China,Issuer A,Grocery,Recent phone,87,84,3,3713.32,0,1
2025-01-07,West China,Issuer A,Grocery,Older phone,96,91,5,3974.73,0,1
2025-01-07,West China,Issuer A,Grocery,Watch,74,70,4,3119.54,0,1
2025-01-07,West China,Issuer A,Digital,Recent phone,95,93,2,4927.83,0,1
2025-01-07,West China,Issuer A,Digital,Older phone,91,87,4,4529.17,0,1
2025-01-07,West China,Issuer A,Digital,Watch,77,73,4,3682.83,0,1
2025-01-07,West China,Issuer B,Retail,Recent phone,71,67,4,1485.99,0,1
2025-01-07,West China,Issuer B,Retail,Older phone,72,68,4,1634.73,0,1
2025-01-07,West China,Issuer B,Retail,Watch,62,57,5,1339.88,0,1
2025-01-07,West China,Issuer B,Dining,Recent phone,85,81,4,2610.09,0,1
2025-01-07,West China,Issuer B,Dining,Older phone,80,75,5,2231.06,0,1
2025-01-07,West China,Issuer B,Dining,Watch,71,67,4,2019.88,0,1
2025-01-07,West China,Issuer B,Transit,Recent phone,77,73,4,2913.63,0,1
2025-01-07,West China,Issuer B,Transit,Older phone,89,84,5,3227.85,0,1
2025-01-07,West China,Issuer B,Transit,Watch,66,62,4,2437.01,0,1
2025-01-07,West China,Issuer B,Grocery,Recent phone,92,88,4,3865.61,0,1
2025-01-07,West China,Issuer B,Grocery,Older phone,82,78,4,3436.33,0,1
2025-01-07,West China,Issuer B,Grocery,Watch,66,64,2,2940.31,0,1
2025-01-07,West China,Issuer B,Digital,Recent phone,94,88,6,4635.48,0,1
2025-01-07,West China,Issuer B,Digital,Older phone,84,79,5,4237.08,0,1
2025-01-07,West China,Issuer B,Digital,Watch,77,73,4,3893.51,0,1
2025-01-07,West China,Issuer C,Retail,Recent phone,76,73,3,1796.35,0,1
2025-01-07,West China,Issuer C,Retail,Older phone,70,66,4,1580.57,0,1
2025-01-07,West China,Issuer C,Retail,Watch,66,62,4,1526.62,0,1
2025-01-07,West China,Issuer C,Dining,Recent phone,87,84,3,2706.17,0,1
2025-01-07,West China,Issuer C,Dining,Older phone,80,76,4,2251.07,0,1
2025-01-07,West China,Issuer C,Dining,Watch,74,71,3,2195.5,0,1
2025-01-07,West China,Issuer C,Transit,Recent phone,90,86,4,3249.48,0,1
2025-01-07,West China,Issuer C,Transit,Older phone,78,73,5,2667.7,0,1
2025-01-07,West China,Issuer C,Transit,Watch,72,67,5,2635.56,0,1
2025-01-07,West China,Issuer C,Grocery,Recent phone,84,82,2,3747.96,0,1
2025-01-07,West China,Issuer C,Grocery,Older phone,87,83,4,3857.09,0,1
2025-01-07,West China,Issuer C,Grocery,Watch,82,77,5,3426.08,0,1
2025-01-07,West China,Issuer C,Digital,Recent phone,97,93,4,4689.82,0,1
2025-01-07,West China,Issuer C,Digital,Older phone,95,91,4,4780.75,0,1
2025-01-07,West China,Issuer C,Digital,Watch,75,69,6,3592.87,0,1
2025-01-07,West China,Issuer D,Retail,Recent phone,78,75,3,1670.46,0,1
2025-01-07,West China,Issuer D,Retail,Older phone,66,61,5,1424.35,0,1
2025-01-07,West China,Issuer D,Retail,Watch,56,53,3,1317.78,0,1
2025-01-07,West China,Issuer D,Dining,Recent phone,89,86,3,2703.39,0,1
2025-01-07,West China,Issuer D,Dining,Older phone,70,65,5,2065.16,0,1
2025-01-07,West China,Issuer D,Dining,Watch,62,58,4,1845.95,0,1
2025-01-07,West China,Issuer D,Transit,Recent phone,84,81,3,2986.59,0,1
2025-01-07,West China,Issuer D,Transit,Older phone,82,77,5,3077.29,0,1
2025-01-07,West China,Issuer D,Transit,Watch,71,67,4,2482.47,0,1
2025-01-07,West China,Issuer D,Grocery,Recent phone,96,91,5,3964.23,0,1
2025-01-07,West China,Issuer D,Grocery,Older phone,73,69,4,3194.62,0,1
2025-01-07,West China,Issuer D,Grocery,Watch,81,75,6,3523.43,0,1
2025-01-07,West China,Issuer D,Digital,Recent phone,99,95,4,4921.09,0,1
2025-01-07,West China,Issuer D,Digital,Older phone,87,83,4,4327.26,0,1
2025-01-07,West China,Issuer D,Digital,Watch,82,76,6,4041.73,0,1
2025-01-08,East China,Issuer A,Retail,Recent phone,48,45,3,744.47,0,1
2025-01-08,East China,Issuer A,Retail,Older phone,50,49,1,886.16,0,1
2025-01-08,East China,Issuer A,Retail,Watch,40,39,1,697.02,0,1
2025-01-08,East China,Issuer A,Dining,Recent phone,50,48,2,1122.49,0,1
2025-01-08,East China,Issuer A,Dining,Older phone,49,46,3,1217.09,0,1
2025-01-08,East China,Issuer A,Dining,Watch,29,27,2,698.84,0,1
2025-01-08,East China,Issuer A,Transit,Recent phone,65,63,2,1921.17,0,1
2025-01-08,East China,Issuer A,Transit,Older phone,62,59,3,1778.69,0,1
2025-01-08,East China,Issuer A,Transit,Watch,55,53,2,1801.22,0,1
2025-01-08,East China,Issuer A,Grocery,Recent phone,69,67,2,2649.49,0,1
2025-01-08,East China,Issuer A,Grocery,Older phone,62,60,2,2316.72,0,1
2025-01-08,East China,Issuer A,Grocery,Watch,55,53,2,2161.95,0,1
2025-01-08,East China,Issuer A,Digital,Recent phone,75,73,2,3265.39,0,1
2025-01-08,East China,Issuer A,Digital,Older phone,54,51,3,2253.1,0,1
2025-01-08,East China,Issuer A,Digital,Watch,57,55,2,2549.68,0,1
2025-01-08,East China,Issuer B,Retail,Recent phone,57,53,4,915.93,0,1
2025-01-08,East China,Issuer B,Retail,Older phone,43,41,2,729.42,0,1
2025-01-08,East China,Issuer B,Retail,Watch,35,31,4,526.61,0,1
2025-01-08,East China,Issuer B,Dining,Recent phone,61,60,1,1608.44,0,1
2025-01-08,East China,Issuer B,Dining,Older phone,54,51,3,1365.1,0,1
2025-01-08,East China,Issuer B,Dining,Watch,43,41,2,1025.81,0,1
2025-01-08,East China,Issuer B,Transit,Recent phone,69,66,3,2065.74,0,1
2025-01-08,East China,Issuer B,Transit,Older phone,62,61,1,1959.72,0,1
2025-01-08,East China,Issuer B,Transit,Watch,50,48,2,1570.08,0,1
2025-01-08,East China,Issuer B,Grocery,Recent phone,68,65,3,2481.47,0,1
2025-01-08,East China,Issuer B,Grocery,Older phone,57,53,4,2152.29,0,1
2025-01-08,East China,Issuer B,Grocery,Watch,47,43,4,1750.18,0,1
2025-01-08,East China,Issuer B,Digital,Recent phone,66,65,1,3089.21,0,1
2025-01-08,East China,Issuer B,Digital,Older phone,62,59,3,2766.45,0,1
2025-01-08,East China,Issuer B,Digital,Watch,62,60,2,2854.3,0,1
2025-01-08,East China,Issuer C,Retail,Recent phone,54,52,2,845.42,0,1
2025-01-08,East China,Issuer C,Retail,Older phone,45,44,1,788.19,0,1
2025-01-08,East China,Issuer C,Retail,Watch,27,25,2,498.62,0,1
2025-01-08,East China,Issuer C,Dining,Recent phone,54,52,2,1230.97,0,1
2025-01-08,East China,Issuer C,Dining,Older phone,49,47,2,1090.84,0,1
2025-01-08,East China,Issuer C,Dining,Watch,43,40,3,1063.2,0,1
2025-01-08,East China,Issuer C,Transit,Recent phone,59,57,2,1855.52,0,1
2025-01-08,East China,Issuer C,Transit,Older phone,53,51,2,1712.01,0,1
2025-01-08,East China,Issuer C,Transit,Watch,35,33,2,998.01,0,1
2025-01-08,East China,Issuer C,Grocery,Recent phone,58,56,2,2247.6,0,1
2025-01-08,East China,Issuer C,Grocery,Older phone,65,62,3,2359.21,0,1
2025-01-08,East China,Issuer C,Grocery,Watch,52,49,3,1983.06,0,1
2025-01-08,East China,Issuer C,Digital,Recent phone,62,59,3,2631.86,0,1
2025-01-08,East China,Issuer C,Digital,Older phone,65,61,4,2864.07,0,1
2025-01-08,East China,Issuer C,Digital,Watch,62,59,3,2646.09,0,1
2025-01-08,East China,Issuer D,Retail,Recent phone,55,52,3,964.46,0,1
2025-01-08,East China,Issuer D,Retail,Older phone,40,39,1,676.1,0,1
2025-01-08,East China,Issuer D,Retail,Watch,47,46,1,808.16,0,1
2025-01-08,East China,Issuer D,Dining,Recent phone,66,64,2,1697.05,0,1
2025-01-08,East China,Issuer D,Dining,Older phone,54,51,3,1366.82,0,1
2025-01-08,East China,Issuer D,Dining,Watch,43,43,0,993.84,0,1
2025-01-08,East China,Issuer D,Transit,Recent phone,70,69,1,2184.71,0,1
2025-01-08,East China,Issuer D,Transit,Older phone,59,56,3,1681.65,0,1
2025-01-08,East China,Issuer D,Transit,Watch,51,50,1,1626.79,0,1
2025-01-08,East China,Issuer D,Grocery,Recent phone,67,64,3,2554.6,0,1
2025-01-08,East China,Issuer D,Grocery,Older phone,57,55,2,2128.6,0,1
2025-01-08,East China,Issuer D,Grocery,Watch,43,41,2,1668.73,0,1
2025-01-08,East China,Issuer D,Digital,Recent phone,76,73,3,3482.52,0,1
2025-01-08,East China,Issuer D,Digital,Older phone,63,61,2,2744.15,0,1
2025-01-08,East China,Issuer D,Digital,Watch,55,52,3,2494.3,0,1
2025-01-08,North China,Issuer A,Retail,Recent phone,63,60,3,1201.29,0,1
2025-01-08,North China,Issuer A,Retail,Older phone,55,53,2,967.73,0,1
2025-01-08,North China,Issuer A,Retail,Watch,49,45,4,932.44,0,1
2025-01-08,North China,Issuer A,Dining,Recent phone,59,57,2,1461.28,0,1
2025-01-08,North China,Issuer A,Dining,Older phone,54,52,2,1415.74,0,1
2025-01-08,North China,Issuer A,Dining,Watch,56,54,2,1525.09,0,1
2025-01-08,North China,Issuer A,Transit,Recent phone,63,62,1,2116.7,0,1
2025-01-08,North China,Issuer A,Transit,Older phone,72,68,4,2359.74,0,1
2025-01-08,North China,Issuer A,Transit,Watch,69,64,5,2213.6,0,1
2025-01-08,North China,Issuer A,Grocery,Recent phone,80,79,1,3106.05,0,1
2025-01-08,North China,Issuer A,Grocery,Older phone,70,68,2,2693.05,0,1
2025-01-08,North China,Issuer A,Grocery,Watch,65,60,5,2368.57,0,1
2025-01-08,North China,Issuer A,Digital,Recent phone,88,85,3,3933.99,0,1
2025-01-08,North China,Issuer A,Digital,Older phone,63,60,3,2836.85,0,1
2025-01-08,North China,Issuer A,Digital,Watch,60,55,5,2606.04,0,1
2025-01-08,North China,Issuer B,Retail,Recent phone,57,56,1,1042.26,0,1
2025-01-08,North China,Issuer B,Retail,Older phone,56,52,4,1109.83,0,1
2025-01-08,North China,Issuer B,Retail,Watch,49,48,1,897.13,0,1
2025-01-08,North China,Issuer B,Dining,Recent phone,68,66,2,1886.88,0,1
2025-01-08,North China,Issuer B,Dining,Older phone,51,50,1,1300.77,0,1
2025-01-08,North China,Issuer B,Dining,Watch,49,45,4,1292.09,0,1
2025-01-08,North China,Issuer B,Transit,Recent phone,68,64,4,2274.23,0,1
2025-01-08,North China,Issuer B,Transit,Older phone,56,54,2,1922.05,0,1
2025-01-08,North China,Issuer B,Transit,Watch,44,43,1,1519.42,0,1
2025-01-08,North China,Issuer B,Grocery,Recent phone,81,78,3,3104.72,0,1
2025-01-08,North China,Issuer B,Grocery,Older phone,69,63,6,2701.51,0,1
2025-01-08,North China,Issuer B,Grocery,Watch,64,62,2,2540.27,0,1
2025-01-08,North China,Issuer B,Digital,Recent phone,77,73,4,3470.31,0,1
2025-01-08,North China,Issuer B,Digital,Older phone,72,69,3,3347.02,0,1
2025-01-08,North China,Issuer B,Digital,Watch,69,64,5,3110.08,0,1
2025-01-08,North China,Issuer C,Retail,Recent phone,46,45,1,880.2,0,1
2025-01-08,North China,Issuer C,Retail,Older phone,52,52,0,970.91,0,1
2025-01-08,North China,Issuer C,Retail,Watch,52,49,3,919.37,0,1
2025-01-08,North China,Issuer C,Dining,Recent phone,59,57,2,1433.24,0,1
2025-01-08,North China,Issuer C,Dining,Older phone,62,60,2,1722.95,0,1
2025-01-08,North China,Issuer C,Dining,Watch,55,52,3,1444.77,0,1
2025-01-08,North China,Issuer C,Transit,Recent phone,71,70,1,2263.73,0,1
2025-01-08,North China,Issuer C,Transit,Older phone,55,53,2,1765.14,0,1
2025-01-08,North China,Issuer C,Transit,Watch,62,60,2,1982.18,0,1
2025-01-08,North China,Issuer C,Grocery,Recent phone,78,75,3,3108.58,0,1
2025-01-08,North China,Issuer C,Grocery,Older phone,59,58,1,2395.87,0,1
2025-01-08,North China,Issuer C,Grocery,Watch,60,58,2,2278.88,0,1
2025-01-08,North China,Issuer C,Digital,Recent phone,80,77,3,3665.75,0,1
2025-01-08,North China,Issuer C,Digital,Older phone,71,68,3,3143.97,0,1
2025-01-08,North China,Issuer C,Digital,Watch,66,63,3,3133.85,0,1
2025-01-08,North China,Issuer D,Retail,Recent phone,62,59,3,1158.47,0,1
2025-01-08,North China,Issuer D,Retail,Older phone,51,49,2,892.42,0,1
2025-01-08,North China,Issuer D,Retail,Watch,41,38,3,735.63,0,1
2025-01-08,North China,Issuer D,Dining,Recent phone,66,62,4,1761.24,0,1
2025-01-08,North China,Issuer D,Dining,Older phone,66,62,4,1684.94,0,1
2025-01-08,North China,Issuer D,Dining,Watch,51,47,4,1262.59,0,1
2025-01-08,North China,Issuer D,Transit,Recent phone,70,66,4,2305.63,0,1
2025-01-08,North China,Issuer D,Transit,Older phone,49,47,2,1655.78,0,1
2025-01-08,North China,Issuer D,Transit,Watch,63,59,4,1958.12,0,1
2025-01-08,North China,Issuer D,Grocery,Recent phone,75,71,4,3018.57,0,1
2025-01-08,North China,Issuer D,Grocery,Older phone,66,63,3,2620.32,0,1
2025-01-08,North China,Issuer D,Grocery,Watch,71,67,4,2737.09,0,1
2025-01-08,North China,Issuer D,Digital,Recent phone,76,72,4,3596.65,0,1
2025-01-08,North China,Issuer D,Digital,Older phone,77,75,2,3496.35,0,1
2025-01-08,North China,Issuer D,Digital,Watch,70,68,2,3296.74,0,1
2025-01-08,South China,Issuer A,Retail,Recent phone,65,64,1,1460.71,0,1
2025-01-08,South China,Issuer A,Retail,Older phone,61,59,2,1274.45,0,1
2025-01-08,South China,Issuer A,Retail,Watch,60,57,3,1144.2,0,1
2025-01-08,South China,Issuer A,Dining,Recent phone,69,66,3,1962.92,0,1
2025-01-08,South China,Issuer A,Dining,Older phone,66,63,3,1824.28,0,1
2025-01-08,South China,Issuer A,Dining,Watch,60,57,3,1658.76,0,1
2025-01-08,South China,Issuer A,Transit,Recent phone,78,75,3,2584.31,0,1
2025-01-08,South China,Issuer A,Transit,Older phone,73,70,3,2592.5,0,1
2025-01-08,South China,Issuer A,Transit,Watch,64,62,2,2246.8,0,1
2025-01-08,South China,Issuer A,Grocery,Recent phone,84,81,3,3576.87,0,1
2025-01-08,South China,Issuer A,Grocery,Older phone,77,73,4,3009.08,0,1
2025-01-08,South China,Issuer A,Grocery,Watch,63,60,3,2607.54,0,1
2025-01-08,South China,Issuer A,Digital,Recent phone,89,85,4,4342.44,0,1
2025-01-08,South China,Issuer A,Digital,Older phone,86,83,3,4188.94,0,1
2025-01-08,South China,Issuer A,Digital,Watch,66,62,4,3189.94,0,1
2025-01-08,South China,Issuer B,Retail,Recent phone,77,74,3,1648.61,0,1
2025-01-08,South China,Issuer B,Retail,Older phone,63,60,3,1363.57,0,1
2025-01-08,South China,Issuer B,Retail,Watch,57,56,1,1163.87,0,1
2025-01-08,South China,Issuer B,Dining,Recent phone,81,77,4,2174.03,0,1
2025-01-08,South China,Issuer B,Dining,Older phone,63,61,2,1685.55,0,1
2025-01-08,South China,Issuer B,Dining,Watch,61,58,3,1696.81,0,1
2025-01-08,South China,Issuer B,Transit,Recent phone,81,77,4,2852.53,0,1
2025-01-08,South China,Issuer B,Transit,Older phone,70,67,3,2378.62,0,1
2025-01-08,South China,Issuer B,Transit,Watch,61,59,2,2165.38,0,1
2025-01-08,South China,Issuer B,Grocery,Recent phone,87,82,5,3589.33,0,1
2025-01-08,South China,Issuer B,Grocery,Older phone,78,73,5,3036.41,0,1
2025-01-08,South China,Issuer B,Grocery,Watch,71,65,6,2712.31,0,1
2025-01-08,South China,Issuer B,Digital,Recent phone,80,77,3,3932.58,0,1
2025-01-08,South China,Issuer B,Digital,Older phone,84,80,4,4127.27,0,1
2025-01-08,South China,Issuer B,Digital,Watch,72,67,5,3473.64,0,1
2025-01-08,South China,Issuer C,Retail,Recent phone,67,63,4,1474.63,0,1
2025-01-08,South China,Issuer C,Retail,Older phone,53,50,3,1008.62,0,1
2025-01-08,South China,Issuer C,Retail,Watch,60,57,3,1210.62,0,1
2025-01-08,South China,Issuer C,Dining,Recent phone,76,72,4,2122.39,0,1
2025-01-08,South China,Issuer C,Dining,Older phone,61,61,0,1824.36,0,1
2025-01-08,South China,Issuer C,Dining,Watch,62,59,3,1747.35,0,1
2025-01-08,South China,Issuer C,Transit,Recent phone,69,66,3,2336.28,0,1
2025-01-08,South China,Issuer C,Transit,Older phone,68,65,3,2346.38,0,1
2025-01-08,South China,Issuer C,Transit,Watch,71,67,4,2388.07,0,1
2025-01-08,South China,Issuer C,Grocery,Recent phone,91,85,6,3507.32,0,1
2025-01-08,South China,Issuer C,Grocery,Older phone,81,78,3,3464.78,0,1
2025-01-08,South China,Issuer C,Grocery,Watch,68,63,5,2707.06,0,1
2025-01-08,South China,Issuer C,Digital,Recent phone,77,73,4,3535.17,0,1
2025-01-08,South China,Issuer C,Digital,Older phone,80,76,4,3771.25,0,1
2025-01-08,South China,Issuer C,Digital,Watch,70,65,5,3216.01,0,1
2025-01-08,South China,Issuer D,Retail,Recent phone,65,61,4,1244.06,0,1
2025-01-08,South China,Issuer D,Retail,Older phone,63,60,3,1333.77,0,1
2025-01-08,South China,Issuer D,Retail,Watch,53,52,1,1103.28,0,1
2025-01-08,South China,Issuer D,Dining,Recent phone,78,77,1,2218.06,0,1
2025-01-08,South China,Issuer D,Dining,Older phone,74,70,4,2128.63,0,1
2025-01-08,South China,Issuer D,Dining,Watch,63,57,6,1756.07,0,1
2025-01-08,South China,Issuer D,Transit,Recent phone,76,74,2,2785.25,0,1
2025-01-08,South China,Issuer D,Transit,Older phone,73,70,3,2513.87,0,1
2025-01-08,South China,Issuer D,Transit,Watch,69,66,3,2418.03,0,1
2025-01-08,South China,Issuer D,Grocery,Recent phone,88,86,2,3856.59,0,1
2025-01-08,South China,Issuer D,Grocery,Older phone,80,78,2,3329.39,0,1
2025-01-08,South China,Issuer D,Grocery,Watch,66,63,3,2602.8,0,1
2025-01-08,South China,Issuer D,Digital,Recent phone,84,82,2,4136.93,0,1
2025-01-08,South China,Issuer D,Digital,Older phone,78,75,3,3846.58,0,1
2025-01-08,South China,Issuer D,Digital,Watch,78,71,7,3548.26,0,1
2025-01-08,West China,Issuer A,Retail,Recent phone,76,73,3,1649.4,0,1
2025-01-08,West China,Issuer A,Retail,Older phone,69,66,3,1512.81,0,1
2025-01-08,West China,Issuer A,Retail,Watch,62,60,2,1512.42,0,1
2025-01-08,West China,Issuer A,Dining,Recent phone,86,83,3,2724.04,0,1
2025-01-08,West China,Issuer A,Dining,Older phone,77,73,4,2370.6,0,1
2025-01-08,West China,Issuer A,Dining,Watch,70,65,5,2133.37,0,1
2025-01-08,West China,Issuer A,Transit,Recent phone,84,78,6,3082.11,0,1
2025-01-08,West China,Issuer A,Transit,Older phone,80,76,4,3011.45,0,1
2025-01-08,West China,Issuer A,Transit,Watch,77,73,4,2870.09,0,1
2025-01-08,West China,Issuer A,Grocery,Recent phone,101,96,5,4229.77,0,1
2025-01-08,West China,Issuer A,Grocery,Older phone,77,73,4,3315.98,0,1
2025-01-08,West China,Issuer A,Grocery,Watch,80,76,4,3548.35,0,1
2025-01-08,West China,Issuer A,Digital,Recent phone,85,82,3,4173.58,0,1
2025-01-08,West China,Issuer A,Digital,Older phone,88,85,3,4582.7,0,1
2025-01-08,West China,Issuer A,Digital,Watch,74,69,5,3457.98,0,1
2025-01-08,West China,Issuer B,Retail,Recent phone,82,78,4,1806.5,0,1
2025-01-08,West China,Issuer B,Retail,Older phone,74,69,5,1783.87,0,1
2025-01-08,West China,Issuer B,Retail,Watch,64,61,3,1565.26,0,1
2025-01-08,West China,Issuer B,Dining,Recent phone,77,74,3,2423.74,0,1
2025-01-08,West China,Issuer B,Dining,Older phone,71,69,2,2208.13,0,1
2025-01-08,West China,Issuer B,Dining,Watch,64,62,2,2006.22,0,1
2025-01-08,West China,Issuer B,Transit,Recent phone,87,82,5,2983.09,0,1
2025-01-08,West China,Issuer B,Transit,Older phone,72,69,3,2744.48,0,1
2025-01-08,West China,Issuer B,Transit,Watch,61,58,3,2127.46,0,1
2025-01-08,West China,Issuer B,Grocery,Recent phone,91,88,3,3915.37,0,1
2025-01-08,West China,Issuer B,Grocery,Older phone,81,76,5,3501.77,0,1
2025-01-08,West China,Issuer B,Grocery,Watch,73,69,4,2996.14,0,1
2025-01-08,West China,Issuer B,Digital,Recent phone,96,93,3,4651.85,0,1
2025-01-08,West China,Issuer B,Digital,Older phone,96,91,5,4738.49,0,1
2025-01-08,West China,Issuer B,Digital,Watch,81,76,5,3853.14,0,1
2025-01-08,West China,Issuer C,Retail,Recent phone,76,73,3,1825.67,0,1
2025-01-08,West China,Issuer C,Retail,Older phone,65,62,3,1480.22,0,1
2025-01-08,West China,Issuer C,Retail,Watch,64,59,5,1488.68,0,1
2025-01-08,West China,Issuer C,Dining,Recent phone,80,78,2,2376.9,0,1
2025-01-08,West China,Issuer C,Dining,Older phone,79,75,4,2202.04,0,1
2025-01-08,West China,Issuer C,Dining,Watch,74,68,6,1981.15,0,1
2025-01-08,West China,Issuer C,Transit,Recent phone,82,79,3,3046.68,0,1
2025-01-08,West China,Issuer C,Transit,Older phone,76,71,5,2777.06,0,1
2025-01-08,West China,Issuer C,Transit,Watch,80,74,6,2860.97,0,1
2025-01-08,West China,Issuer C,Grocery,Recent phone,88,83,5,3839.06,0,1
2025-01-08,West China,Issuer C,Grocery,Older phone,88,83,5,3612.82,0,1
2025-01-08,West China,Issuer C,Grocery,Watch,78,74,4,3360.37,0,1
2025-01-08,West China,Issuer C,Digital,Recent phone,86,82,4,4287.26,0,1
2025-01-08,West China,Issuer C,Digital,Older phone,91,88,3,4484.7,0,1
2025-01-08,West China,Issuer C,Digital,Watch,83,77,6,3939.81,0,1
2025-01-08,West China,Issuer D,Retail,Recent phone,68,66,2,1518.76,0,1
2025-01-08,West China,Issuer D,Retail,Older phone,65,62,3,1479.4,0,1
2025-01-08,West China,Issuer D,Retail,Watch,64,61,3,1521.0,0,1
2025-01-08,West China,Issuer D,Dining,Recent phone,93,88,5,2873.64,0,1
2025-01-08,West China,Issuer D,Dining,Older phone,72,68,4,2110.13,0,1
2025-01-08,West China,Issuer D,Dining,Watch,64,61,3,1990.83,0,1
2025-01-08,West China,Issuer D,Transit,Recent phone,82,79,3,2924.02,0,1
2025-01-08,West China,Issuer D,Transit,Older phone,81,77,4,2979.31,0,1
2025-01-08,West China,Issuer D,Transit,Watch,67,62,5,2263.19,0,1
2025-01-08,West China,Issuer D,Grocery,Recent phone,80,75,5,3393.87,0,1
2025-01-08,West China,Issuer D,Grocery,Older phone,88,82,6,3657.75,0,1
2025-01-08,West China,Issuer D,Grocery,Watch,82,78,4,3401.25,0,1
2025-01-08,West China,Issuer D,Digital,Recent phone,97,91,6,4579.09,0,1
2025-01-08,West China,Issuer D,Digital,Older phone,81,76,5,4060.69,0,1
2025-01-08,West China,Issuer D,Digital,Watch,76,73,3,3675.87,0,1
2025-01-09,East China,Issuer A,Retail,Recent phone,52,51,1,866.22,0,1
2025-01-09,East China,Issuer A,Retail,Older phone,45,43,2,755.22,0,1
2025-01-09,East China,Issuer A,Retail,Watch,37,34,3,652.28,0,1
2025-01-09,East China,Issuer A,Dining,Recent phone,58,57,1,1516.31,0,1
2025-01-09,East China,Issuer A,Dining,Older phone,47,45,2,1163.82,0,1
2025-01-09,East China,Issuer A,Dining,Watch,41,40,1,986.19,0,1
2025-01-09,East China,Issuer A,Transit,Recent phone,56,53,3,1790.0,0,1
2025-01-09,East China,Issuer A,Transit,Older phone,50,48,2,1539.96,0,1
2025-01-09,East China,Issuer A,Transit,Watch,37,35,2,1132.8,0,1
2025-01-09,East China,Issuer A,Grocery,Recent phone,65,61,4,2461.53,0,1
2025-01-09,East China,Issuer A,Grocery,Older phone,64,62,2,2442.85,0,1
2025-01-09,East China,Issuer A,Grocery,Watch,63,59,4,2293.9,0,1
2025-01-09,East China,Issuer A,Digital,Recent phone,70,67,3,3040.5,0,1
2025-01-09,East China,Issuer A,Digital,Older phone,68,66,2,3113.46,0,1
2025-01-09,East China,Issuer A,Digital,Watch,63,61,2,2888.14,0,1
2025-01-09,East China,Issuer B,Retail,Recent phone,63,61,2,1116.03,0,1
2025-01-09,East China,Issuer B,Retail,Older phone,39,37,2,617.61,0,1
2025-01-09,East China,Issuer B,Retail,Watch,29,28,1,494.56,0,1
2025-01-09,East China,Issuer B,Dining,Recent phone,53,52,1,1401.14,0,1
2025-01-09,East China,Issuer B,Dining,Older phone,41,39,2,1013.94,0,1
2025-01-09,East China,Issuer B,Dining,Watch,43,41,2,1011.25,0,1
2025-01-09,East China,Issuer B,Transit,Recent phone,62,62,0,2082.89,0,1
2025-01-09,East China,Issuer B,Transit,Older phone,50,49,1,1502.76,0,1
2025-01-09,East China,Issuer B,Transit,Watch,48,46,2,1473.69,0,1
2025-01-09,East China,Issuer B,Grocery,Recent phone,67,66,1,2474.49,0,1
2025-01-09,East China,Issuer B,Grocery,Older phone,64,61,3,2391.1,0,1
2025-01-09,East China,Issuer B,Grocery,Watch,53,50,3,1982.5,0,1
2025-01-09,East China,Issuer B,Digital,Recent phone,72,69,3,3112.16,0,1
2025-01-09,East China,Issuer B,Digital,Older phone,69,68,1,3109.27,0,1
2025-01-09,East China,Issuer B,Digital,Watch,48,45,3,2072.65,0,1
2025-01-09,East China,Issuer C,Retail,Recent phone,59,56,3,909.02,0,1
2025-01-09,East China,Issuer C,Retail,Older phone,41,38,3,640.47,0,1
2025-01-09,East China,Issuer C,Retail,Watch,44,41,3,787.72,0,1
2025-01-09,East China,Issuer C,Dining,Recent phone,54,50,4,1199.76,0,1
2025-01-09,East China,Issuer C,Dining,Older phone,48,46,2,1130.24,0,1
2025-01-09,East China,Issuer C,Dining,Watch,42,39,3,1032.92,0,1
2025-01-09,East China,Issuer C,Transit,Recent phone,61,59,2,1849.06,0,1
2025-01-09,East China,Issuer C,Transit,Older phone,58,55,3,1842.33,0,1
2025-01-09,East China,Issuer C,Transit,Watch,48,45,3,1478.72,0,1
2025-01-09,East China,Issuer C,Grocery,Recent phone,64,61,3,2423.28,0,1
2025-01-09,East China,Issuer C,Grocery,Older phone,66,64,2,2601.93,0,1
2025-01-09,East China,Issuer C,Grocery,Watch,56,53,3,2124.51,0,1
2025-01-09,East China,Issuer C,Digital,Recent phone,74,71,3,3250.19,0,1
2025-01-09,East China,Issuer C,Digital,Older phone,59,56,3,2659.55,0,1
2025-01-09,East China,Issuer C,Digital,Watch,56,54,2,2435.02,0,1
2025-01-09,East China,Issuer D,Retail,Recent phone,40,38,2,731.38,0,1
2025-01-09,East China,Issuer D,Retail,Older phone,59,55,4,949.78,0,1
2025-01-09,East China,Issuer D,Retail,Watch,37,35,2,642.11,0,1
2025-01-09,East China,Issuer D,Dining,Recent phone,61,59,2,1485.25,0,1
2025-01-09,East China,Issuer D,Dining,Older phone,42,39,3,976.85,0,1
2025-01-09,East China,Issuer D,Dining,Watch,50,45,5,1198.94,0,1
2025-01-09,East China,Issuer D,Transit,Recent phone,62,60,2,1843.86,0,1
2025-01-09,East China,Issuer D,Transit,Older phone,56,54,2,1803.43,0,1
2025-01-09,East China,Issuer D,Transit,Watch,39,38,1,1164.87,0,1
2025-01-09,East China,Issuer D,Grocery,Recent phone,66,63,3,2362.47,0,1
2025-01-09,East China,Issuer D,Grocery,Older phone,65,61,4,2293.37,0,1
2025-01-09,East China,Issuer D,Grocery,Watch,57,54,3,2032.99,0,1
2025-01-09,East China,Issuer D,Digital,Recent phone,72,69,3,3193.09,0,1
2025-01-09,East China,Issuer D,Digital,Older phone,68,67,1,3028.29,0,1
2025-01-09,East China,Issuer D,Digital,Watch,58,56,2,2477.78,0,1
2025-01-09,North China,Issuer A,Retail,Recent phone,62,60,2,1099.81,0,1
2025-01-09,North China,Issuer A,Retail,Older phone,65,64,1,1160.14,0,1
2025-01-09,North China,Issuer A,Retail,Watch,47,44,3,921.9,0,1
2025-01-09,North China,Issuer A,Dining,Recent phone,59,58,1,1651.76,0,1
2025-01-09,North China,Issuer A,Dining,Older phone,52,50,2,1356.19,0,1
2025-01-09,North China,Issuer A,Dining,Watch,41,38,3,1035.0,0,1
2025-01-09,North China,Issuer A,Transit,Recent phone,77,74,3,2412.01,0,1
2025-01-09,North China,Issuer A,Transit,Older phone,59,55,4,1879.42,0,1
2025-01-09,North China,Issuer A,Transit,Watch,51,50,1,1638.29,0,1
2025-01-09,North China,Issuer A,Grocery,Recent phone,73,70,3,2964.66,0,1
2025-01-09,North China,Issuer A,Grocery,Older phone,62,58,4,2437.88,0,1
2025-01-09,North China,Issuer A,Grocery,Watch,54,53,1,2205.74,0,1
2025-01-09,North China,Issuer A,Digital,Recent phone,92,88,4,4389.34,0,1
2025-01-09,North China,Issuer A,Digital,Older phone,73,70,3,3344.36,0,1
2025-01-09,North China,Issuer A,Digital,Watch,67,62,5,2861.48,0,1
2025-01-09,North China,Issuer B,Retail,Recent phone,59,56,3,1165.39,0,1
2025-01-09,North China,Issuer B,Retail,Older phone,50,47,3,856.64,0,1
2025-01-09,North China,Issuer B,Retail,Watch,45,42,3,797.02,0,1
2025-01-09,North China,Issuer B,Dining,Recent phone,65,62,3,1737.23,0,1
2025-01-09,North China,Issuer B,Dining,Older phone,55,53,2,1442.77,0,1
2025-01-09,North China,Issuer B,Dining,Watch,51,49,2,1366.68,0,1
2025-01-09,North China,Issuer B,Transit,Recent phone,73,70,3,2258.06,0,1
2025-01-09,North China,Issuer B,Transit,Older phone,63,61,2,2010.08,0,1
2025-01-09,North China,Issuer B,Transit,Watch,61,58,3,1987.44,0,1
2025-01-09,North China,Issuer B,Grocery,Recent phone,62,59,3,2397.22,0,1
2025-01-09,North China,Issuer B,Grocery,Older phone,56,55,1,2323.62,0,1
2025-01-09,North China,Issuer B,Grocery,Watch,67,63,4,2488.28,0,1
2025-01-09,North China,Issuer B,Digital,Recent phone,81,76,5,3694.85,0,1
2025-01-09,North China,Issuer B,Digital,Older phone,80,76,4,3685.72,0,1
2025-01-09,North China,Issuer B,Digital,Watch,71,65,6,3001.23,0,1
2025-01-09,North China,Issuer C,Retail,Recent phone,58,56,2,1119.41,0,1
2025-01-09,North China,Issuer C,Retail,Older phone,65,62,3,1197.32,0,1
2025-01-09,North China,Issuer C,Retail,Watch,49,47,2,966.67,0,1
2025-01-09,North China,Issuer C,Dining,Recent phone,61,58,3,1679.74,0,1
2025-01-09,North China,Issuer C,Dining,Older phone,69,65,4,1770.54,0,1
2025-01-09,North China,Issuer C,Dining,Watch,49,46,3,1273.33,0,1
2025-01-09,North China,Issuer C,Transit,Recent phone,66,64,2,2210.39,0,1
2025-01-09,North China,Issuer C,Transit,Older phone,58,57,1,1972.63,0,1
2025-01-09,North China,Issuer C,Transit,Watch,61,58,3,1970.73,0,1
2025-01-09,North China,Issuer C,Grocery,Recent phone,65,63,2,2510.29,0,1
2025-01-09,North China,Issuer C,Grocery,Older phone,68,66,2,2720.33,0,1
2025-01-09,North China,Issuer C,Grocery,Watch,60,58,2,2330.08,0,1
2025-01-09,North China,Issuer C,Digital,Recent phone,82,77,5,3816.93,0,1
2025-01-09,North China,Issuer C,Digital,Older phone,80,76,4,3745.84,0,1
2025-01-09,North China,Issuer C,Digital,Watch,64,60,4,2806.02,0,1
2025-01-09,North China,Issuer D,Retail,Recent phone,66,64,2,1220.3,0,1
2025-01-09,North China,Issuer D,Retail,Older phone,55,52,3,946.05,0,1
2025-01-09,North China,Issuer D,Retail,Watch,46,44,2,936.73,0,1
2025-01-09,North China,Issuer D,Dining,Recent phone,63,61,2,1550.36,0,1
2025-01-09,North China,Issuer D,Dining,Older phone,53,50,3,1399.79,0,1
2025-01-09,North China,Issuer D,Dining,Watch,51,48,3,1233.36,0,1
2025-01-09,North China,Issuer D,Transit,Recent phone,80,75,5,2417.87,0,1
2025-01-09,North China,Issuer D,Transit,Older phone,63,60,3,2002.71,0,1
2025-01-09,North China,Issuer D,Transit,Watch,48,46,2,1582.74,0,1
2025-01-09,North China,Issuer D,Grocery,Recent phone,80,78,2,3294.15,0,1
2025-01-09,North China,Issuer D,Grocery,Older phone,78,74,4,2989.09,0,1
2025-01-09,North China,Issuer D,Grocery,Watch,59,57,2,2310.21,0,1
2025-01-09,North China,Issuer D,Digital,Recent phone,88,85,3,4023.87,0,1
2025-01-09,North China,Issuer D,Digital,Older phone,73,70,3,3362.37,0,1
2025-01-09,North China,Issuer D,Digital,Watch,61,56,5,2660.77,0,1
2025-01-09,South China,Issuer A,Retail,Recent phone,69,65,4,1479.77,0,1
2025-01-09,South China,Issuer A,Retail,Older phone,56,54,2,1283.38,0,1
2025-01-09,South China,Issuer A,Retail,Watch,54,49,5,1163.92,0,1
2025-01-09,South China,Issuer A,Dining,Recent phone,60,58,2,1640.31,0,1
2025-01-09,South China,Issuer A,Dining,Older phone,66,61,5,1831.59,0,1
2025-01-09,South China,Issuer A,Dining,Watch,66,63,3,1785.0,0,1
2025-01-09,South China,Issuer A,Transit,Recent phone,75,71,4,2566.55,0,1
2025-01-09,South China,Issuer A,Transit,Older phone,68,63,5,2204.21,0,1
2025-01-09,South China,Issuer A,Transit,Watch,67,63,4,2334.66,0,1
2025-01-09,South China,Issuer A,Grocery,Recent phone,90,86,4,3771.82,0,1
2025-01-09,South China,Issuer A,Grocery,Older phone,71,66,5,2842.08,0,1
2025-01-09,South China,Issuer A,Grocery,Watch,63,61,2,2596.83,0,1
2025-01-09,South China,Issuer A,Digital,Recent phone,87,84,3,4143.79,0,1
2025-01-09,South China,Issuer A,Digital,Older phone,75,73,2,3755.11,0,1
2025-01-09,South China,Issuer A,Digital,Watch,74,68,6,3468.03,0,1
2025-01-09,South China,Issuer B,Retail,Recent phone,73,70,3,1649.45,0,1
2025-01-09,South China,Issuer B,Retail,Older phone,66,63,3,1475.64,0,1
2025-01-09,South China,Issuer B,Retail,Watch,45,42,3,848.45,0,1
2025-01-09,South China,Issuer B,Dining,Recent phone,71,69,2,1872.36,0,1
2025-01-09,South China,Issuer B,Dining,Older phone,71,67,4,1887.84,0,1
2025-01-09,South China,Issuer B,Dining,Watch,64,62,2,1716.45,0,1
2025-01-09,South China,Issuer B,Transit,Recent phone,86,83,3,2917.8,0,1
2025-01-09,South China,Issuer B,Transit,Older phone,73,67,6,2388.27,0,1
2025-01-09,South China,Issuer B,Transit,Watch,67,64,3,2337.56,0,1
2025-01-09,South China,Issuer B,Grocery,Recent phone,79,77,2,3384.81,0,1
2025-01-09,South China,Issuer B,Grocery,Older phone,77,72,5,3208.6,0,1
2025-01-09,South China,Issuer B,Grocery,Watch,70,67,3,2883.62,0,1
2025-01-09,South China,Issuer B,Digital,Recent phone,85,80,5,4006.72,0,1
2025-01-09,South China,Issuer B,Digital,Older phone,79,75,4,3887.7,0,1
2025-01-09,South China,Issuer B,Digital,Watch,79,73,6,3703.86,0,1
2025-01-09,South China,Issuer C,Retail,Recent phone,71,69,2,1533.83,0,1
2025-01-09,South China,Issuer C,Retail,Older phone,69,66,3,1445.49,0,1
2025-01-09,South China,Issuer C,Retail,Watch,55,53,2,1171.77,0,1
2025-01-09,South China,Issuer C,Dining,Recent phone,71,71,0,1947.15,0,1
2025-01-09,South China,Issuer C,Dining,Older phone,65,63,2,1818.33,0,1
2025-01-09,South China,Issuer C,Dining,Watch,67,63,4,1919.3,0,1
2025-01-09,South China,Issuer C,Transit,Recent phone,74,72,2,2643.6,0,1
2025-01-09,South China,Issuer C,Transit,Older phone,68,66,2,2360.04,0,1
2025-01-09,South China,Issuer C,Transit,Watch,74,72,2,2515.33,0,1
2025-01-09,South China,Issuer C,Grocery,Recent phone,70,66,4,2732.28,0,1
2025-01-09,South China,Issuer C,Grocery,Older phone,69,67,2,2880.89,0,1
2025-01-09,South China,Issuer C,Grocery,Watch,80,75,5,3207.32,0,1
2025-01-09,South China,Issuer C,Digital,Recent phone,90,84,6,4055.9,0,1
2025-01-09,South China,Issuer C,Digital,Older phone,83,77,6,3847.81,0,1
2025-01-09,South China,Issuer C,Digital,Watch,75,72,3,3636.95,0,1
2025-01-09,South China,Issuer D,Retail,Recent phone,50,48,2,965.32,0,1
2025-01-09,South China,Issuer D,Retail,Older phone,61,58,3,1246.71,0,1
2025-01-09,South China,Issuer D,Retail,Watch,58,56,2,1226.35,0,1
2025-01-09,South China,Issuer D,Dining,Recent phone,81,78,3,2279.13,0,1
2025-01-09,South China,Issuer D,Dining,Older phone,57,54,3,1611.71,0,1
2025-01-09,South China,Issuer D,Dining,Watch,68,65,3,2014.22,0,1
2025-01-09,South China,Issuer D,Transit,Recent phone,86,83,3,3026.44,0,1
2025-01-09,South China,Issuer D,Transit,Older phone,71,69,2,2504.68,0,1
2025-01-09,South China,Issuer D,Transit,Watch,71,65,6,2223.93,0,1
2025-01-09,South China,Issuer D,Grocery,Recent phone,86,84,2,3514.74,0,1
2025-01-09,South China,Issuer D,Grocery,Older phone,80,78,2,3270.05,0,1
2025-01-09,South China,Issuer D,Grocery,Watch,66,61,5,2506.83,0,1
2025-01-09,South China,Issuer D,Digital,Recent phone,91,88,3,4307.1,0,1
2025-01-09,South China,Issuer D,Digital,Older phone,80,75,5,3771.82,0,1
2025-01-09,South China,Issuer D,Digital,Watch,69,65,4,3261.32,0,1
2025-01-09,West China,Issuer A,Retail,Recent phone,76,74,2,1756.16,0,1
2025-01-09,West China,Issuer A,Retail,Older phone,58,55,3,1219.39,0,1
2025-01-09,West China,Issuer A,Retail,Watch,58,53,5,1258.13,0,1
2025-01-09,West China,Issuer A,Dining,Recent phone,88,84,4,2509.72,0,1
2025-01-09,West China,Issuer A,Dining,Older phone,71,67,4,2053.83,0,1
2025-01-09,West China,Issuer A,Dining,Watch,74,70,4,2203.37,0,1
2025-01-09,West China,Issuer A,Transit,Recent phone,87,83,4,3017.58,0,1
2025-01-09,West China,Issuer A,Transit,Older phone,82,78,4,3074.71,0,1
2025-01-09,West China,Issuer A,Transit,Watch,72,70,2,2580.97,0,1
2025-01-09,West China,Issuer A,Grocery,Recent phone,92,87,5,3923.88,0,1
2025-01-09,West China,Issuer A,Grocery,Older phone,84,80,4,3450.45,0,1
2025-01-09,West China,Issuer A,Grocery,Watch,77,72,5,3356.45,0,1
2025-01-09,West China,Issuer A,Digital,Recent phone,91,87,4,4538.25,0,1
2025-01-09,West China,Issuer A,Digital,Older phone,92,85,7,4301.4,0,1
2025-01-09,West China,Issuer A,Digital,Watch,80,73,7,3899.33,0,1
2025-01-09,West China,Issuer B,Retail,Recent phone,79,75,4,1792.29,0,1
2025-01-09,West China,Issuer B,Retail,Older phone,57,55,2,1217.82,0,1
2025-01-09,West China,Issuer B,Retail,Watch,59,54,5,1347.34,0,1
2025-01-09,West China,Issuer B,Dining,Recent phone,77,76,1,2497.29,0,1
2025-01-09,West China,Issuer B,Dining,Older phone,75,70,5,2275.2,0,1
2025-01-09,West China,Issuer B,Dining,Watch,70,67,3,2112.18,0,1
2025-01-09,West China,Issuer B,Transit,Recent phone,78,76,2,2959.8,0,1
2025-01-09,West China,Issuer B,Transit,Older phone,85,80,5,2958.16,0,1
2025-01-09,West China,Issuer B,Transit,Watch,70,66,4,2423.57,0,1
2025-01-09,West China,Issuer B,Grocery,Recent phone,99,96,3,4395.92,0,1
2025-01-09,West China,Issuer B,Grocery,Older phone,89,84,5,3716.43,0,1
2025-01-09,West China,Issuer B,Grocery,Watch,76,72,4,3308.75,0,1
2025-01-09,West China,Issuer B,Digital,Recent phone,95,92,3,4772.69,0,1
2025-01-09,West China,Issuer B,Digital,Older phone,90,86,4,4601.53,0,1
2025-01-09,West China,Issuer B,Digital,Watch,78,74,4,3785.41,0,1
2025-01-09,West China,Issuer C,Retail,Recent phone,75,71,4,1801.74,0,1
2025-01-09,West China,Issuer C,Retail,Older phone,62,58,4,1318.27,0,1
2025-01-09,West China,Issuer C,Retail,Watch,60,56,4,1283.93,0,1
2025-01-09,West China,Issuer C,Dining,Recent phone,80,75,5,2323.57,0,1
2025-01-09,West China,Issuer C,Dining,Older phone,69,66,3,2095.01,0,1
2025-01-09,West China,Issuer C,Dining,Watch,72,68,4,2031.3,0,1
2025-01-09,West China,Issuer C,Transit,Recent phone,89,87,2,3415.8,0,1
2025-01-09,West China,Issuer C,Transit,Older phone,75,72,3,2838.88,0,1
2025-01-09,West China,Issuer C,Transit,Watch,76,72,4,2874.87,0,1
2025-01-09,West China,Issuer C,Grocery,Recent phone,89,85,4,3897.88,0,1
2025-01-09,West China,Issuer C,Grocery,Older phone,89,84,5,3786.13,0,1
2025-01-09,West China,Issuer C,Grocery,Watch,74,69,5,3241.19,0,1
2025-01-09,West China,Issuer C,Digital,Recent phone,102,98,4,5027.87,0,1
2025-01-09,West China,Issuer C,Digital,Older phone,91,85,6,4411.52,0,1
2025-01-09,West China,Issuer C,Digital,Watch,79,73,6,3652.55,0,1
2025-01-09,West China,Issuer D,Retail,Recent phone,79,75,4,1790.06,0,1
2025-01-09,West China,Issuer D,Retail,Older phone,64,60,4,1330.12,0,1
2025-01-09,West China,Issuer D,Retail,Watch,59,57,2,1290.3,0,1
2025-01-09,West China,Issuer D,Dining,Recent phone,82,79,3,2519.09,0,1
2025-01-09,West China,Issuer D,Dining,Older phone,69,66,3,2131.43,0,1
2025-01-09,West China,Issuer D,Dining,Watch,60,55,5,1635.58,0,1
2025-01-09,West China,Issuer D,Transit,Recent phone,79,77,2,3073.8,0,1
2025-01-09,West China,Issuer D,Transit,Older phone,74,71,3,2661.8,0,1
2025-01-09,West China,Issuer D,Transit,Watch,75,72,3,2817.8,0,1
2025-01-09,West China,Issuer D,Grocery,Recent phone,86,82,4,3713.44,0,1
2025-01-09,West China,Issuer D,Grocery,Older phone,84,82,2,3585.29,0,1
2025-01-09,West China,Issuer D,Grocery,Watch,67,63,4,2763.29,0,1
2025-01-09,West China,Issuer D,Digital,Recent phone,98,95,3,4982.16,0,1
2025-01-09,West China,Issuer D,Digital,Older phone,88,82,6,4243.9,0,1
2025-01-09,West China,Issuer D,Digital,Watch,81,78,3,4093.13,0,1
2025-01-10,East China,Issuer A,Retail,Recent phone,54,53,1,1032.24,0,1
2025-01-10,East China,Issuer A,Retail,Older phone,48,47,1,774.91,0,1
2025-01-10,East China,Issuer A,Retail,Watch,34,33,1,658.79,0,1
2025-01-10,East China,Issuer A,Dining,Recent phone,64,61,3,1509.74,0,1
2025-01-10,East China,Issuer A,Dining,Older phone,57,55,2,1273.82,0,1
2025-01-10,East China,Issuer A,Dining,Watch,31,29,2,770.7,0,1
2025-01-10,East China,Issuer A,Transit,Recent phone,59,55,4,1693.41,0,1
2025-01-10,East China,Issuer A,Transit,Older phone,52,49,3,1555.94,0,1
2025-01-10,East China,Issuer A,Transit,Watch,50,47,3,1417.21,0,1
2025-01-10,East China,Issuer A,Grocery,Recent phone,62,59,3,2297.35,0,1
2025-01-10,East China,Issuer A,Grocery,Older phone,63,60,3,2229.51,0,1
2025-01-10,East China,Issuer A,Grocery,Watch,57,54,3,2149.42,0,1
2025-01-10,East China,Issuer A,Digital,Recent phone,73,72,1,3368.09,0,1
2025-01-10,East China,Issuer A,Digital,Older phone,68,66,2,3002.89,0,1
2025-01-10,East China,Issuer A,Digital,Watch,59,57,2,2550.58,0,1
2025-01-10,East China,Issuer B,Retail,Recent phone,50,47,3,757.95,0,1
2025-01-10,East China,Issuer B,Retail,Older phone,46,45,1,798.42,0,1
2025-01-10,East China,Issuer B,Retail,Watch,40,39,1,728.84,0,1
2025-01-10,East China,Issuer B,Dining,Recent phone,58,56,2,1319.78,0,1
2025-01-10,East China,Issuer B,Dining,Older phone,52,50,2,1217.75,0,1
2025-01-10,East China,Issuer B,Dining,Watch,43,41,2,1078.38,0,1
2025-01-10,East China,Issuer B,Transit,Recent phone,64,63,1,1924.46,0,1
2025-01-10,East China,Issuer B,Transit,Older phone,53,51,2,1712.34,0,1
2025-01-10,East China,Issuer B,Transit,Watch,59,57,2,1797.99,0,1
2025-01-10,East China,Issuer B,Grocery,Recent phone,70,68,2,2736.16,0,1
2025-01-10,East China,Issuer B,Grocery,Older phone,69,65,4,2543.95,0,1
2025-01-10,East China,Issuer B,Grocery,Watch,53,50,3,1854.28,0,1
2025-01-10,East China,Issuer B,Digital,Recent phone,74,69,5,3169.54,0,1
2025-01-10,East China,Issuer B,Digital,Older phone,75,70,5,3304.35,0,1
2025-01-10,East China,Issuer B,Digital,Watch,61,59,2,2820.16,0,1
2025-01-10,East China,Issuer C,Retail,Recent phone,47,45,2,789.91,0,1
2025-01-10,East China,Issuer C,Retail,Older phone,49,45,4,866.53,0,1
2025-01-10,East China,Issuer C,Retail,Watch,40,39,1,728.89,0,1
2025-01-10,East China,Issuer C,Dining,Recent phone,58,55,3,1442.17,0,1
2025-01-10,East China,Issuer C,Dining,Older phone,53,52,1,1222.17,0,1
2025-01-10,East China,Issuer C,Dining,Watch,41,38,3,877.82,0,1
2025-01-10,East China,Issuer C,Transit,Recent phone,61,58,3,1898.28,0,1
2025-01-10,East China,Issuer C,Transit,Older phone,62,58,4,1897.13,0,1
2025-01-10,East China,Issuer C,Transit,Watch,41,40,1,1249.65,0,1
2025-01-10,East China,Issuer C,Grocery,Recent phone,65,62,3,2470.85,0,1
2025-01-10,East China,Issuer C,Grocery,Older phone,61,59,2,2378.52,0,1
2025-01-10,East China,Issuer C,Grocery,Watch,59,57,2,2121.23,0,1
2025-01-10,East China,Issuer C,Digital,Recent phone,80,77,3,3465.77,0,1
2025-01-10,East China,Issuer C,Digital,Older phone,64,61,3,2848.35,0,1
2025-01-10,East China,Issuer C,Digital,Watch,64,60,4,2711.45,0,1
2025-01-10,East China,Issuer D,Retail,Recent phone,43,43,0,758.5,0,1
2025-01-10,East China,Issuer D,Retail,Older phone,38,37,1,706.93,0,1
2025-01-10,East China,Issuer D,Retail,Watch,35,34,1,621.55,0,1
2025-01-10,East China,Issuer D,Dining,Recent phone,58,55,3,1276.27,0,1
2025-01-10,East China,Issuer D,Dining,Older phone,44,42,2,1016.89,0,1
2025-01-10,East China,Issuer D,Dining,Watch,47,43,4,1021.58,0,1
2025-01-10,East China,Issuer D,Transit,Recent phone,60,59,1,2001.04,0,1
2025-01-10,East China,Issuer D,Transit,Older phone,60,58,2,1742.16,0,1
2025-01-10,East China,Issuer D,Transit,Watch,44,41,3,1358.29,0,1
2025-01-10,East China,Issuer D,Grocery,Recent phone,74,70,4,2726.08,0,1
2025-01-10,East China,Issuer D,Grocery,Older phone,51,49,2,1882.67,0,1
2025-01-10,East China,Issuer D,Grocery,Watch,51,48,3,1861.81,0,1
2025-01-10,East China,Issuer D,Digital,Recent phone,71,69,2,3070.0,0,1
2025-01-10,East China,Issuer D,Digital,Older phone,75,71,4,3378.18,0,1
2025-01-10,East China,Issuer D,Digital,Watch,59,56,3,2467.72,0,1
2025-01-10,North China,Issuer A,Retail,Recent phone,59,57,2,1073.05,0,1
2025-01-10,North China,Issuer A,Retail,Older phone,51,49,2,1064.23,0,1
2025-01-10,North China,Issuer A,Retail,Watch,45,43,2,850.13,0,1
2025-01-10,North China,Issuer A,Dining,Recent phone,59,56,3,1597.6,0,1
2025-01-10,North China,Issuer A,Dining,Older phone,53,50,3,1292.25,0,1
2025-01-10,North China,Issuer A,Dining,Watch,54,50,4,1303.63,0,1
2025-01-10,North China,Issuer A,Transit,Recent phone,82,80,2,2840.83,0,1
2025-01-10,North China,Issuer A,Transit,Older phone,62,60,2,2006.51,0,1
2025-01-10,North China,Issuer A,Transit,Watch,60,57,3,1867.57,0,1
2025-01-10,North China,Issuer A,Grocery,Recent phone,71,68,3,2706.75,0,1
2025-01-10,North China,Issuer A,Grocery,Older phone,69,65,4,2561.05,0,1
2025-01-10,North China,Issuer A,Grocery,Watch,63,61,2,2552.48,0,1
2025-01-10,North China,Issuer A,Digital,Recent phone,82,79,3,3781.47,0,1
2025-01-10,North China,Issuer A,Digital,Older phone,67,63,4,2959.44,0,1
2025-01-10,North China,Issuer A,Digital,Watch,71,69,2,3190.81,0,1
2025-01-10,North China,Issuer B,Retail,Recent phone,67,64,3,1219.02,0,1
2025-01-10,North China,Issuer B,Retail,Older phone,33,30,3,547.83,0,1
2025-01-10,North China,Issuer B,Retail,Watch,42,41,1,767.38,0,1
2025-01-10,North China,Issuer B,Dining,Recent phone,81,77,4,2062.08,0,1
2025-01-10,North China,Issuer B,Dining,Older phone,55,51,4,1304.89,0,1
2025-01-10,North China,Issuer B,Dining,Watch,50,46,4,1157.32,0,1
2025-01-10,North China,Issuer B,Transit,Recent phone,65,63,2,2213.63,0,1
2025-01-10,North China,Issuer B,Transit,Older phone,54,52,2,1744.85,0,1
2025-01-10,North China,Issuer B,Transit,Watch,63,59,4,2034.67,0,1
2025-01-10,North China,Issuer B,Grocery,Recent phone,72,70,2,2848.56,0,1
2025-01-10,North China,Issuer B,Grocery,Older phone,68,65,3,2758.23,0,1
2025-01-10,North China,Issuer B,Grocery,Watch,58,56,2,2217.23,0,1
2025-01-10,North China,Issuer B,Digital,Recent phone,84,81,3,3829.65,0,1
2025-01-10,North China,Issuer B,Digital,Older phone,74,71,3,3394.68,0,1
2025-01-10,North China,Issuer B,Digital,Watch,74,70,4,3427.95,0,1
2025-01-10,North China,Issuer C,Retail,Recent phone,57,57,0,1248.2,0,1
2025-01-10,North China,Issuer C,Retail,Older phone,54,50,4,902.45,0,1
2025-01-10,North China,Issuer C,Retail,Watch,48,46,2,944.25,0,1
2025-01-10,North China,Issuer C,Dining,Recent phone,72,69,3,1837.97,0,1
2025-01-10,North China,Issuer C,Dining,Older phone,58,53,5,1454.03,0,1
2025-01-10,North China,Issuer C,Dining,Watch,48,44,4,1195.38,0,1
2025-01-10,North China,Issuer C,Transit,Recent phone,74,71,3,2453.95,0,1
2025-01-10,North China,Issuer C,Transit,Older phone,67,66,1,2196.29,0,1
2025-01-10,North China,Issuer C,Transit,Watch,51,48,3,1644.9,0,1
2025-01-10,North China,Issuer C,Grocery,Recent phone,79,78,1,3296.34,0,1
2025-01-10,North China,Issuer C,Grocery,Older phone,66,63,3,2457.54,0,1
2025-01-10,North China,Issuer C,Grocery,Watch,61,57,4,2427.59,0,1
2025-01-10,North China,Issuer C,Digital,Recent phone,80,78,2,3662.43,0,1
2025-01-10,North China,Issuer C,Digital,Older phone,76,72,4,3352.4,0,1
2025-01-10,North China,Issuer C,Digital,Watch,62,59,3,2837.2,0,1
2025-01-10,North China,Issuer D,Retail,Recent phone,56,53,3,1056.24,0,1
2025-01-10,North China,Issuer D,Retail,Older phone,47,45,2,861.31,0,1
2025-01-10,North China,Issuer D,Retail,Watch,45,44,1,957.32,0,1
2025-01-10,North China,Issuer D,Dining,Recent phone,74,72,2,1968.45,0,1
2025-01-10,North China,Issuer D,Dining,Older phone,52,50,2,1392.45,0,1
2025-01-10,North China,Issuer D,Dining,Watch,45,44,1,1130.85,0,1
2025-01-10,North China,Issuer D,Transit,Recent phone,65,61,4,2122.73,0,1
2025-01-10,North China,Issuer D,Transit,Older phone,58,56,2,1851.66,0,1
2025-01-10,North China,Issuer D,Transit,Watch,56,54,2,1815.77,0,1
2025-01-10,North China,Issuer D,Grocery,Recent phone,73,70,3,2839.56,0,1
2025-01-10,North China,Issuer D,Grocery,Older phone,69,66,3,2750.75,0,1
2025-01-10,North China,Issuer D,Grocery,Watch,61,58,3,2439.27,0,1
2025-01-10,North China,Issuer D,Digital,Recent phone,81,77,4,3838.02,0,1
2025-01-10,North China,Issuer D,Digital,Older phone,67,63,4,3005.14,0,1
2025-01-10,North China,Issuer D,Digital,Watch,66,64,2,2966.54,0,1
2025-01-10,South China,Issuer A,Retail,Recent phone,66,64,2,1355.51,0,1
2025-01-10,South China,Issuer A,Retail,Older phone,63,61,2,1364.6,0,1
2025-01-10,South China,Issuer A,Retail,Watch,57,54,3,1083.34,0,1
2025-01-10,South China,Issuer A,Dining,Recent phone,71,69,2,1978.48,0,1
2025-01-10,South China,Issuer A,Dining,Older phone,61,58,3,1680.9,0,1
2025-01-10,South China,Issuer A,Dining,Watch,54,52,2,1520.89,0,1
2025-01-10,South China,Issuer A,Transit,Recent phone,74,71,3,2655.46,0,1
2025-01-10,South China,Issuer A,Transit,Older phone,69,64,5,2282.21,0,1
2025-01-10,South China,Issuer A,Transit,Watch,63,60,3,2205.27,0,1
2025-01-10,South China,Issuer A,Grocery,Recent phone,84,82,2,3607.73,0,1
2025-01-10,South China,Issuer A,Grocery,Older phone,78,74,4,3064.42,0,1
2025-01-10,South China,Issuer A,Grocery,Watch,68,64,4,2624.26,0,1
2025-01-10,South China,Issuer A,Digital,Recent phone,92,89,3,4460.13,0,1
2025-01-10,South China,Issuer A,Digital,Older phone,86,83,3,4157.83,0,1
2025-01-10,South China,Issuer A,Digital,Watch,76,72,4,3702.42,0,1
2025-01-10,South China,Issuer B,Retail,Recent phone,68,65,3,1301.3,0,1
2025-01-10,South China,Issuer B,Retail,Older phone,63,60,3,1369.54,0,1
2025-01-10,South China,Issuer B,Retail,Watch,51,48,3,1102.92,0,1
2025-01-10,South China,Issuer B,Dining,Recent phone,71,68,3,1872.94,0,1
2025-01-10,South China,Issuer B,Dining,Older phone,63,59,4,1661.98,0,1
2025-01-10,South China,Issuer B,Dining,Watch,57,53,4,1435.01,0,1
2025-01-10,South China,Issuer B,Transit,Recent phone,90,86,4,3047.91,0,1
2025-01-10,South China,Issuer B,Transit,Older phone,67,63,4,2293.36,0,1
2025-01-10,South China,Issuer B,Transit,Watch,71,68,3,2502.52,0,1
2025-01-10,South China,Issuer B,Grocery,Recent phone,82,78,4,3374.36,0,1
2025-01-10,South China,Issuer B,Grocery,Older phone,80,76,4,3367.15,0,1
2025-01-10,South China,Issuer B,Grocery,Watch,69,67,2,2892.44,0,1
2025-01-10,South China,Issuer B,Digital,Recent phone,83,78,5,4042.97,0,1
2025-01-10,South China,Issuer B,Digital,Older phone,85,80,5,3877.89,0,1
2025-01-10,South China,Issuer B,Digital,Watch,74,69,5,3503.4,0,1
2025-01-10,South China,Issuer C,Retail,Recent phone,70,67,3,1457.12,0,1
2025-01-10,South China,Issuer C,Retail,Older phone,71,69,2,1404.11,0,1
2025-01-10,South China,Issuer C,Retail,Watch,46,44,2,1017.65,0,1
2025-01-10,South China,Issuer C,Dining,Recent phone,66,62,4,1692.57,0,1
2025-01-10,South China,Issuer C,Dining,Older phone,65,63,2,1923.77,0,1
2025-01-10,South China,Issuer C,Dining,Watch,59,55,4,1663.83,0,1
2025-01-10,South China,Issuer C,Transit,Recent phone,77,76,1,2868.13,0,1
2025-01-10,South China,Issuer C,Transit,Older phone,77,74,3,2597.52,0,1
2025-01-10,South China,Issuer C,Transit,Watch,60,56,4,1917.57,0,1
2025-01-10,South China,Issuer C,Grocery,Recent phone,76,74,2,3163.48,0,1
2025-01-10,South China,Issuer C,Grocery,Older phone,74,70,4,2945.35,0,1
2025-01-10,South China,Issuer C,Grocery,Watch,68,64,4,2661.71,0,1
2025-01-10,South China,Issuer C,Digital,Recent phone,86,82,4,4204.04,0,1
2025-01-10,South China,Issuer C,Digital,Older phone,82,77,5,3978.79,0,1
2025-01-10,South China,Issuer C,Digital,Watch,76,72,4,3567.15,0,1
2025-01-10,South China,Issuer D,Retail,Recent phone,64,61,3,1257.2,0,1
2025-01-10,South China,Issuer D,Retail,Older phone,66,61,5,1305.64,0,1
2025-01-10,South China,Issuer D,Retail,Watch,46,43,3,973.47,0,1
2025-01-10,South China,Issuer D,Dining,Recent phone,73,70,3,2073.31,0,1
2025-01-10,South China,Issuer D,Dining,Older phone,69,65,4,1756.91,0,1
2025-01-10,South China,Issuer D,Dining,Watch,57,53,4,1505.63,0,1
2025-01-10,South China,Issuer D,Transit,Recent phone,80,78,2,2713.62,0,1
2025-01-10,South China,Issuer D,Transit,Older phone,63,60,3,2212.12,0,1
2025-01-10,South China,Issuer D,Transit,Watch,71,69,2,2372.88,0,1
2025-01-10,South China,Issuer D,Grocery,Recent phone,93,88,5,3639.32,0,1
2025-01-10,South China,Issuer D,Grocery,Older phone,68,65,3,2681.57,0,1
2025-01-10,South China,Issuer D,Grocery,Watch,70,67,3,2793.85,0,1
2025-01-10,South China,Issuer D,Digital,Recent phone,91,89,2,4424.81,0,1
2025-01-10,South China,Issuer D,Digital,Older phone,89,85,4,4346.72,0,1
2025-01-10,South China,Issuer D,Digital,Watch,83,79,4,4080.8,0,1
2025-01-10,West China,Issuer A,Retail,Recent phone,70,67,3,1514.23,0,1
2025-01-10,West China,Issuer A,Retail,Older phone,69,65,4,1504.29,0,1
2025-01-10,West China,Issuer A,Retail,Watch,64,61,3,1546.29,0,1
2025-01-10,West China,Issuer A,Dining,Recent phone,83,79,4,2426.48,0,1
2025-01-10,West China,Issuer A,Dining,Older phone,77,72,5,2219.83,0,1
2025-01-10,West China,Issuer A,Dining,Watch,72,69,3,2208.03,0,1
2025-01-10,West China,Issuer A,Transit,Recent phone,83,80,3,2896.94,0,1
2025-01-10,West China,Issuer A,Transit,Older phone,85,83,2,3208.29,0,1
2025-01-10,West China,Issuer A,Transit,Watch,75,71,4,2681.84,0,1
2025-01-10,West China,Issuer A,Grocery,Recent phone,93,87,6,4077.39,0,1
2025-01-10,West China,Issuer A,Grocery,Older phone,82,77,5,3326.67,0,1
2025-01-10,West China,Issuer A,Grocery,Watch,74,68,6,2963.74,0,1
2025-01-10,West China,Issuer A,Digital,Recent phone,97,92,5,4667.62,0,1
2025-01-10,West China,Issuer A,Digital,Older phone,84,81,3,4062.77,0,1
2025-01-10,West China,Issuer A,Digital,Watch,85,80,5,4133.01,0,1
2025-01-10,West China,Issuer B,Retail,Recent phone,74,71,3,1638.1,0,1
2025-01-10,West China,Issuer B,Retail,Older phone,75,72,3,1717.99,0,1
2025-01-10,West China,Issuer B,Retail,Watch,63,61,2,1514.03,0,1
2025-01-10,West China,Issuer B,Dining,Recent phone,87,84,3,2583.96,0,1
2025-01-10,West China,Issuer B,Dining,Older phone,78,74,4,2321.27,0,1
2025-01-10,West China,Issuer B,Dining,Watch,60,57,3,1740.36,0,1
2025-01-10,West China,Issuer B,Transit,Recent phone,87,84,3,3330.08,0,1
2025-01-10,West China,Issuer B,Transit,Older phone,80,76,4,2786.51,0,1
2025-01-10,West China,Issuer B,Transit,Watch,69,67,2,2608.6,0,1
2025-01-10,West China,Issuer B,Grocery,Recent phone,92,89,3,3984.39,0,1
2025-01-10,West China,Issuer B,Grocery,Older phone,83,78,5,3472.25,0,1
2025-01-10,West China,Issuer B,Grocery,Watch,74,71,3,3115.16,0,1
2025-01-10,West China,Issuer B,Digital,Recent phone,105,102,3,5210.81,0,1
2025-01-10,West China,Issuer B,Digital,Older phone,90,86,4,4326.11,0,1
2025-01-10,West China,Issuer B,Digital,Watch,84,78,6,3953.31,0,1
2025-01-10,West China,Issuer C,Retail,Recent phone,78,76,2,1720.92,0,1
2025-01-10,West China,Issuer C,Retail,Older phone,68,64,4,1477.35,0,1
2025-01-10,West China,Issuer C,Retail,Watch,64,60,4,1389.31,0,1
2025-01-10,West China,Issuer C,Dining,Recent phone,78,75,3,2453.76,0,1
2025-01-10,West China,Issuer C,Dining,Older phone,71,67,4,1984.75,0,1
2025-01-10,West China,Issuer C,Dining,Watch,65,63,2,1981.79,0,1
2025-01-10,West China,Issuer C,Transit,Recent phone,85,81,4,3161.77,0,1
2025-01-10,West China,Issuer C,Transit,Older phone,84,81,3,3061.1,0,1
2025-01-10,West China,Issuer C,Transit,Watch,72,68,4,2518.17,0,1
2025-01-10,West China,Issuer C,Grocery,Recent phone,92,86,6,3788.12,0,1
2025-01-10,West China,Issuer C,Grocery,Older phone,79,74,5,3419.02,0,1
2025-01-10,West China,Issuer C,Grocery,Watch,70,67,3,2891.35,0,1
2025-01-10,West China,Issuer C,Digital,Recent phone,102,97,5,5060.67,0,1
2025-01-10,West China,Issuer C,Digital,Older phone,101,96,5,4906.74,0,1
2025-01-10,West China,Issuer C,Digital,Watch,88,84,4,4363.58,0,1
2025-01-10,West China,Issuer D,Retail,Recent phone,73,68,5,1607.29,0,1
2025-01-10,West China,Issuer D,Retail,Older phone,63,59,4,1366.62,0,1
2025-01-10,West China,Issuer D,Retail,Watch,66,65,1,1514.8,0,1
2025-01-10,West China,Issuer D,Dining,Recent phone,80,78,2,2404.85,0,1
2025-01-10,West China,Issuer D,Dining,Older phone,77,72,5,2107.62,0,1
2025-01-10,West China,Issuer D,Dining,Watch,61,57,4,1768.29,0,1
2025-01-10,West China,Issuer D,Transit,Recent phone,90,86,4,3402.66,0,1
2025-01-10,West China,Issuer D,Transit,Older phone,86,81,5,3189.46,0,1
2025-01-10,West China,Issuer D,Transit,Watch,83,78,5,3069.14,0,1
2025-01-10,West China,Issuer D,Grocery,Recent phone,86,82,4,3710.24,0,1
2025-01-10,West China,Issuer D,Grocery,Older phone,76,73,3,3332.63,0,1
2025-01-10,West China,Issuer D,Grocery,Watch,77,74,3,3323.34,0,1
2025-01-10,West China,Issuer D,Digital,Recent phone,99,94,5,5075.13,0,1
2025-01-10,West China,Issuer D,Digital,Older phone,88,83,5,4340.34,0,1
2025-01-10,West China,Issuer D,Digital,Watch,80,75,5,3895.72,0,1
2025-01-11,East China,Issuer A,Retail,Recent phone,48,47,1,880.4,0,1
2025-01-11,East China,Issuer A,Retail,Older phone,47,43,4,742.18,0,1
2025-01-11,East China,Issuer A,Retail,Watch,50,48,2,876.01,0,1
2025-01-11,East China,Issuer A,Dining,Recent phone,63,62,1,1532.64,0,1
2025-01-11,East China,Issuer A,Dining,Older phone,54,52,2,1244.42,0,1
2025-01-11,East China,Issuer A,Dining,Watch,42,39,3,1022.41,0,1
2025-01-11,East China,Issuer A,Transit,Recent phone,62,59,3,1868.0,0,1
2025-01-11,East China,Issuer A,Transit,Older phone,68,64,4,2141.47,0,1
2025-01-11,East China,Issuer A,Transit,Watch,51,50,1,1617.42,0,1
2025-01-11,East China,Issuer A,Grocery,Recent phone,73,72,1,2909.99,0,1
2025-01-11,East China,Issuer A,Grocery,Older phone,65,62,3,2477.04,0,1
2025-01-11,East China,Issuer A,Grocery,Watch,54,50,4,1887.73,0,1
2025-01-11,East China,Issuer A,Digital,Recent phone,69,66,3,3094.38,0,1
2025-01-11,East China,Issuer A,Digital,Older phone,69,66,3,2919.49,0,1
2025-01-11,East China,Issuer A,Digital,Watch,66,64,2,2900.49,0,1
2025-01-11,East China,Issuer B,Retail,Recent phone,58,57,1,922.63,0,1
2025-01-11,East China,Issuer B,Retail,Older phone,51,49,2,791.38,0,1
2025-01-11,East China,Issuer B,Retail,Watch,36,36,0,717.98,0,1
2025-01-11,East China,Issuer B,Dining,Recent phone,67,63,4,1473.25,0,1
2025-01-11,East China,Issuer B,Dining,Older phone,56,53,3,1226.05,0,1
2025-01-11,East China,Issuer B,Dining,Watch,54,52,2,1292.29,0,1
2025-01-11,East China,Issuer B,Transit,Recent phone,67,64,3,2025.11,0,1
2025-01-11,East China,Issuer B,Transit,Older phone,63,60,3,1853.22,0,1
2025-01-11,East China,Issuer B,Transit,Watch,53,53,0,1670.06,0,1
2025-01-11,East China,Issuer B,Grocery,Recent phone,82,81,1,3001.13,0,1
2025-01-11,East China,Issuer B,Grocery,Older phone,63,61,2,2337.79,0,1
2025-01-11,East China,Issuer B,Grocery,Watch,53,50,3,2038.67,0,1
2025-01-11,East China,Issuer B,Digital,Recent phone,84,81,3,3753.66,0,1
2025-01-11,East China,Issuer B,Digital,Older phone,73,71,2,3161.47,0,1
2025-01-11,East China,Issuer B,Digital,Watch,57,55,2,2572.63,0,1
2025-01-11,East China,Issuer C,Retail,Recent phone,53,52,1,917.54,0,1
2025-01-11,East China,Issuer C,Retail,Older phone,49,48,1,890.18,0,1
2025-01-11,East China,Issuer C,Retail,Watch,47,45,2,721.36,0,1
2025-01-11,East China,Issuer C,Dining,Recent phone,66,64,2,1672.86,0,1
2025-01-11,East China,Issuer C,Dining,Older phone,48,45,3,1191.51,0,1
2025-01-11,East China,Issuer C,Dining,Watch,39,35,4,828.04,0,1
2025-01-11,East China,Issuer C,Transit,Recent phone,70,67,3,2119.87,0,1
2025-01-11,East China,Issuer C,Transit,Older phone,64,61,3,1916.61,0,1
2025-01-11,East China,Issuer C,Transit,Watch,43,41,2,1249.8,0,1
2025-01-11,East China,Issuer C,Grocery,Recent phone,74,71,3,2772.06,0,1
2025-01-11,East China,Issuer C,Grocery,Older phone,68,64,4,2418.78,0,1
2025-01-11,East China,Issuer C,Grocery,Watch,56,54,2,2007.66,0,1
2025-01-11,East China,Issuer C,Digital,Recent phone,88,86,2,3956.94,0,1
2025-01-11,East China,Issuer C,Digital,Older phone,80,76,4,3616.15,0,1
2025-01-11,East China,Issuer C,Digital,Watch,66,63,3,2945.96,0,1
2025-01-11,East China,Issuer D,Retail,Recent phone,54,54,0,1070.01,0,1
2025-01-11,East China,Issuer D,Retail,Older phone,53,51,2,838.75,0,1
2025-01-11,East China,Issuer D,Retail,Watch,44,41,3,665.38,0,1
2025-01-11,East China,Issuer D,Dining,Recent phone,63,61,2,1587.56,0,1
2025-01-11,East China,Issuer D,Dining,Older phone,49,47,2,1112.17,0,1
2025-01-11,East China,Issuer D,Dining,Watch,51,48,3,1201.8,0,1
2025-01-11,East China,Issuer D,Transit,Recent phone,73,69,4,2120.25,0,1
2025-01-11,East China,Issuer D,Transit,Older phone,59,55,4,1802.61,0,1
2025-01-11,East China,Issuer D,Transit,Watch,62,58,4,1969.49,0,1
2025-01-11,East China,Issuer D,Grocery,Recent phone,71,68,3,2730.62,0,1
2025-01-11,East China,Issuer D,Grocery,Older phone,71,68,3,2626.23,0,1
2025-01-11,East China,Issuer D,Grocery,Watch,66,62,4,2408.08,0,1
2025-01-11,East China,Issuer D,Digital,Recent phone,88,85,3,3787.83,0,1
2025-01-11,East China,Issuer D,Digital,Older phone,77,74,3,3547.42,0,1
2025-01-11,East China,Issuer D,Digital,Watch,65,61,4,2721.87,0,1
2025-01-11,North China,Issuer A,Retail,Recent phone,63,61,2,1298.34,0,1
2025-01-11,North China,Issuer A,Retail,Older phone,55,55,0,1106.77,0,1
2025-01-11,North China,Issuer A,Retail,Watch,48,45,3,982.53,0,1
2025-01-11,North China,Issuer A,Dining,Recent phone,66,66,0,1862.88,0,1
2025-01-11,North China,Issuer A,Dining,Older phone,61,57,4,1582.79,0,1
2025-01-11,North China,Issuer A,Dining,Watch,58,56,2,1474.96,0,1
2025-01-11,North China,Issuer A,Transit,Recent phone,69,65,4,2309.28,0,1
2025-01-11,North China,Issuer A,Transit,Older phone,69,65,4,2252.78,0,1
2025-01-11,North China,Issuer A,Transit,Watch,58,55,3,1851.46,0,1
2025-01-11,North China,Issuer A,Grocery,Recent phone,83,79,4,3210.54,0,1
2025-01-11,North China,Issuer A,Grocery,Older phone,69,65,4,2689.83,0,1
2025-01-11,North China,Issuer A,Grocery,Watch,63,58,5,2388.55,0,1
2025-01-11,North China,Issuer A,Digital,Recent phone,95,91,4,4316.23,0,1
2025-01-11,North China,Issuer A,Digital,Older phone,78,75,3,3468.12,0,1
2025-01-11,North China,Issuer A,Digital,Watch,67,65,2,3070.34,0,1
2025-01-11,North China,Issuer B,Retail,Recent phone,65,63,2,1304.96,0,1
2025-01-11,North China,Issuer B,Retail,Older phone,63,59,4,1212.1,0,1
2025-01-11,North China,Issuer B,Retail,Watch,54,50,4,983.31,0,1
2025-01-11,North China,Issuer B,Dining,Recent phone,73,70,3,1998.06,0,1
2025-01-11,North China,Issuer B,Dining,Older phone,59,57,2,1570.5,0,1
2025-01-11,North China,Issuer B,Dining,Watch,53,49,4,1283.86,0,1
2025-01-11,North China,Issuer B,Transit,Recent phone,78,76,2,2483.43,0,1
2025-01-11,North China,Issuer B,Transit,Older phone,74,72,2,2482.07,0,1
2025-01-11,North China,Issuer B,Transit,Watch,67,64,3,2154.7,0,1
2025-01-11,North China,Issuer B,Grocery,Recent phone,80,77,3,3027.6,0,1
2025-01-11,North China,Issuer B,Grocery,Older phone,67,64,3,2561.23,0,1
2025-01-11,North China,Issuer B,Grocery,Watch,68,63,5,2690.02,0,1
2025-01-11,North China,Issuer B,Digital,Recent phone,80,77,3,3679.19,0,1
2025-01-11,North China,Issuer B,Digital,Older phone,73,72,1,3349.76,0,1
2025-01-11,North China,Issuer B,Digital,Watch,73,69,4,3420.68,0,1
2025-01-11,North China,Issuer C,Retail,Recent phone,72,69,3,1258.49,0,1
2025-01-11,North China,Issuer C,Retail,Older phone,65,62,3,1190.32,0,1
2025-01-11,North China,Issuer C,Retail,Watch,54,52,2,1052.86,0,1
2025-01-11,North China,Issuer C,Dining,Recent phone,69,65,4,1881.44,0,1
2025-01-11,North China,Issuer C,Dining,Older phone,68,66,2,1888.44,0,1
2025-01-11,North China,Issuer C,Dining,Watch,57,54,3,1411.23,0,1
2025-01-11,North China,Issuer C,Transit,Recent phone,73,71,2,2414.64,0,1
2025-01-11,North China,Issuer C,Transit,Older phone,73,70,3,2243.32,0,1
2025-01-11,North China,Issuer C,Transit,Watch,66,63,3,2048.92,0,1
2025-01-11,North China,Issuer C,Grocery,Recent phone,80,77,3,3024.91,0,1
2025-01-11,North China,Issuer C,Grocery,Older phone,72,68,4,2678.93,0,1
2025-01-11,North China,Issuer C,Grocery,Watch,65,63,2,2460.55,0,1
2025-01-11,North China,Issuer C,Digital,Recent phone,81,80,1,3704.75,0,1
2025-01-11,North China,Issuer C,Digital,Older phone,82,79,3,3717.25,0,1
2025-01-11,North China,Issuer C,Digital,Watch,77,73,4,3588.09,0,1
2025-01-11,North China,Issuer D,Retail,Recent phone,69,67,2,1328.27,0,1
2025-01-11,North China,Issuer D,Retail,Older phone,62,59,3,1213.45,0,1
2025-01-11,North China,Issuer D,Retail,Watch,45,43,2,818.51,0,1
2025-01-11,North China,Issuer D,Dining,Recent phone,67,65,2,1706.79,0,1
2025-01-11,North China,Issuer D,Dining,Older phone,68,65,3,1863.73,0,1
2025-01-11,North China,Issuer D,Dining,Watch,64,60,4,1692.15,0,1
2025-01-11,North China,Issuer D,Transit,Recent phone,65,64,1,2239.95,0,1
2025-01-11,North China,Issuer D,Transit,Older phone,73,69,4,2428.44,0,1
2025-01-11,North China,Issuer D,Transit,Watch,62,58,4,2052.02,0,1
2025-01-11,North China,Issuer D,Grocery,Recent phone,82,80,2,3275.35,0,1
2025-01-11,North China,Issuer D,Grocery,Older phone,77,73,4,2894.05,0,1
2025-01-11,North China,Issuer D,Grocery,Watch,66,63,3,2520.37,0,1
2025-01-11,North China,Issuer D,Digital,Recent phone,86,82,4,3884.11,0,1
2025-01-11,North China,Issuer D,Digital,Older phone,79,76,3,3674.46,0,1
2025-01-11,North China,Issuer D,Digital,Watch,71,67,4,3242.79,0,1
2025-01-11,South China,Issuer A,Retail,Recent phone,76,73,3,1577.85,0,1
2025-01-11,South China,Issuer A,Retail,Older phone,68,66,2,1547.19,0,1
2025-01-11,South China,Issuer A,Retail,Watch,57,55,2,1292.46,0,1
2025-01-11,South China,Issuer A,Dining,Recent phone,81,77,4,2254.09,0,1
2025-01-11,South China,Issuer A,Dining,Older phone,68,66,2,1843.25,0,1
2025-01-11,South China,Issuer A,Dining,Watch,64,59,5,1674.68,0,1
2025-01-11,South China,Issuer A,Transit,Recent phone,77,74,3,2793.4,0,1
2025-01-11,South China,Issuer A,Transit,Older phone,80,75,5,2656.42,0,1
2025-01-11,South China,Issuer A,Transit,Watch,75,73,2,2572.62,0,1
2025-01-11,South China,Issuer A,Grocery,Recent phone,102,97,5,4110.04,0,1
2025-01-11,South China,Issuer A,Grocery,Older phone,84,80,4,3333.52,0,1
2025-01-11,South China,Issuer A,Grocery,Watch,84,81,3,3429.66,0,1
2025-01-11,South China,Issuer A,Digital,Recent phone,99,94,5,4598.65,0,1
2025-01-11,South China,Issuer A,Digital,Older phone,97,92,5,4424.37,0,1
2025-01-11,South China,Issuer A,Digital,Watch,72,67,5,3405.33,0,1
2025-01-11,South China,Issuer B,Retail,Recent phone,64,60,4,1223.94,0,1
2025-01-11,South China,Issuer B,Retail,Older phone,65,60,5,1301.15,0,1
2025-01-11,South China,Issuer B,Retail,Watch,57,54,3,1237.1,0,1
2025-01-11,South China,Issuer B,Dining,Recent phone,79,76,3,2069.17,0,1
2025-01-11,South China,Issuer B,Dining,Older phone,72,69,3,1890.21,0,1
2025-01-11,South China,Issuer B,Dining,Watch,57,55,2,1677.23,0,1
2025-01-11,South China,Issuer B,Transit,Recent phone,83,79,4,2873.17,0,1
2025-01-11,South China,Issuer B,Transit,Older phone,80,76,4,2851.34,0,1
2025-01-11,South China,Issuer B,Transit,Watch,81,77,4,2806.93,0,1
2025-01-11,South China,Issuer B,Grocery,Recent phone,86,82,4,3532.35,0,1
2025-01-11,South China,Issuer B,Grocery,Older phone,81,78,3,3287.49,0,1
2025-01-11,South China,Issuer B,Grocery,Watch,74,70,4,2993.44,0,1
2025-01-11,South China,Issuer B,Digital,Recent phone,103,99,4,5109.01,0,1
2025-01-11,South China,Issuer B,Digital,Older phone,82,77,5,3935.97,0,1
2025-01-11,South China,Issuer B,Digital,Watch,87,84,3,4245.21,0,1
2025-01-11,South China,Issuer C,Retail,Recent phone,77,75,2,1712.69,0,1
2025-01-11,South China,Issuer C,Retail,Older phone,70,70,0,1466.72,0,1
2025-01-11,South China,Issuer C,Retail,Watch,69,65,4,1417.56,0,1
2025-01-11,South China,Issuer C,Dining,Recent phone,89,86,3,2515.53,0,1
2025-01-11,South China,Issuer C,Dining,Older phone,74,71,3,1924.02,0,1
2025-01-11,South China,Issuer C,Dining,Watch,65,62,3,1821.88,0,1
2025-01-11,South China,Issuer C,Transit,Recent phone,74,71,3,2685.78,0,1
2025-01-11,South China,Issuer C,Transit,Older phone,77,76,1,2699.44,0,1
2025-01-11,South China,Issuer C,Transit,Watch,73,69,4,2349.9,0,1
2025-01-11,South China,Issuer C,Grocery,Recent phone,100,96,4,4199.29,0,1
2025-01-11,South China,Issuer C,Grocery,Older phone,83,79,4,3374.53,0,1
2025-01-11,South China,Issuer C,Grocery,Watch,81,76,5,3368.09,0,1
2025-01-11,South China,Issuer C,Digital,Recent phone,92,86,6,4353.59,0,1
2025-01-11,South China,Issuer C,Digital,Older phone,87,83,4,4011.51,0,1
2025-01-11,South China,Issuer C,Digital,Watch,87,83,4,4077.37,0,1
2025-01-11,South China,Issuer D,Retail,Recent phone,84,80,4,1915.07,0,1
2025-01-11,South China,Issuer D,Retail,Older phone,68,63,5,1385.78,0,1
2025-01-11,South China,Issuer D,Retail,Watch,68,65,3,1390.36,0,1
2025-01-11,South China,Issuer D,Dining,Recent phone,84,82,2,2488.11,0,1
2025-01-11,South China,Issuer D,Dining,Older phone,75,72,3,2084.17,0,1
2025-01-11,South China,Issuer D,Dining,Watch,60,57,3,1716.22,0,1
2025-01-11,South China,Issuer D,Transit,Recent phone,82,79,3,2759.74,0,1
2025-01-11,South China,Issuer D,Transit,Older phone,77,72,5,2675.72,0,1
2025-01-11,South China,Issuer D,Transit,Watch,64,60,4,2275.74,0,1
2025-01-11,South China,Issuer D,Grocery,Recent phone,99,94,5,3979.57,0,1
2025-01-11,South China,Issuer D,Grocery,Older phone,90,87,3,3888.89,0,1
2025-01-11,South China,Issuer D,Grocery,Watch,75,72,3,3062.2,0,1
2025-01-11,South China,Issuer D,Digital,Recent phone,109,105,4,5101.69,0,1
2025-01-11,South China,Issuer D,Digital,Older phone,83,78,5,3830.91,0,1
2025-01-11,South China,Issuer D,Digital,Watch,78,73,5,3606.6,0,1
2025-01-11,West China,Issuer A,Retail,Recent phone,94,91,3,2357.11,0,1
2025-01-11,West China,Issuer A,Retail,Older phone,81,77,4,1752.45,0,1
2025-01-11,West China,Issuer A,Retail,Watch,75,71,4,1583.68,0,1
2025-01-11,West China,Issuer A,Dining,Recent phone,85,82,3,2679.19,0,1
2025-01-11,West China,Issuer A,Dining,Older phone,73,68,5,2170.17,0,1
2025-01-11,West China,Issuer A,Dining,Watch,69,67,2,1957.19,0,1
2025-01-11,West China,Issuer A,Transit,Recent phone,88,87,1,3419.52,0,1
2025-01-11,West China,Issuer A,Transit,Older phone,95,92,3,3343.24,0,1
2025-01-11,West China,Issuer A,Transit,Watch,82,77,5,2899.73,0,1
2025-01-11,West China,Issuer A,Grocery,Recent phone,106,100,6,4584.2,0,1
2025-01-11,West China,Issuer A,Grocery,Older phone,87,83,4,3776.03,0,1
2025-01-11,West China,Issuer A,Grocery,Watch,86,82,4,3741.37,0,1
2025-01-11,West China,Issuer A,Digital,Recent phone,107,101,6,5349.85,0,1
2025-01-11,West China,Issuer A,Digital,Older phone,105,101,4,5434.41,0,1
2025-01-11,West China,Issuer A,Digital,Watch,98,93,5,4804.36,0,1
2025-01-11,West China,Issuer B,Retail,Recent phone,84,80,4,1942.67,0,1
2025-01-11,West China,Issuer B,Retail,Older phone,76,71,5,1828.04,0,1
2025-01-11,West China,Issuer B,Retail,Watch,72,69,3,1709.89,0,1
2025-01-11,West China,Issuer B,Dining,Recent phone,94,90,4,2711.55,0,1
2025-01-11,West China,Issuer B,Dining,Older phone,85,80,5,2526.63,0,1
2025-01-11,West China,Issuer B,Dining,Watch,70,65,5,2125.37,0,1
2025-01-11,West China,Issuer B,Transit,Recent phone,93,90,3,3370.35,0,1
2025-01-11,West China,Issuer B,Transit,Older phone,83,79,4,3001.71,0,1
2025-01-11,West China,Issuer B,Transit,Watch,73,68,5,2635.61,0,1
2025-01-11,West China,Issuer B,Grocery,Recent phone,110,107,3,4680.33,0,1
2025-01-11,West China,Issuer B,Grocery,Older phone,86,83,3,3852.75,0,1
2025-01-11,West China,Issuer B,Grocery,Watch,79,77,2,3617.56,0,1
2025-01-11,West China,Issuer B,Digital,Recent phone,110,103,7,5561.41,0,1
2025-01-11,West China,Issuer B,Digital,Older phone,97,92,5,4865.9,0,1
2025-01-11,West China,Issuer B,Digital,Watch,89,85,4,4388.35,0,1
2025-01-11,West China,Issuer C,Retail,Recent phone,80,79,1,1945.26,0,1
2025-01-11,West China,Issuer C,Retail,Older phone,85,80,5,1776.02,0,1
2025-01-11,West China,Issuer C,Retail,Watch,71,67,4,1582.37,0,1
2025-01-11,West China,Issuer C,Dining,Recent phone,78,76,2,2331.03,0,1
2025-01-11,West China,Issuer C,Dining,Older phone,82,78,4,2409.55,0,1
2025-01-11,West China,Issuer C,Dining,Watch,73,68,5,2045.33,0,1
2025-01-11,West China,Issuer C,Transit,Recent phone,101,96,5,3564.54,0,1
2025-01-11,West China,Issuer C,Transit,Older phone,80,78,2,2978.82,0,1
2025-01-11,West China,Issuer C,Transit,Watch,75,71,4,2605.68,0,1
2025-01-11,West China,Issuer C,Grocery,Recent phone,98,93,5,4085.65,0,1
2025-01-11,West China,Issuer C,Grocery,Older phone,93,87,6,3861.69,0,1
2025-01-11,West China,Issuer C,Grocery,Watch,93,88,5,3901.13,0,1
2025-01-11,West China,Issuer C,Digital,Recent phone,96,93,3,4726.76,0,1
2025-01-11,West China,Issuer C,Digital,Older phone,97,92,5,4911.6,0,1
2025-01-11,West China,Issuer C,Digital,Watch,91,86,5,4374.7,0,1
2025-01-11,West China,Issuer D,Retail,Recent phone,83,80,3,1913.79,0,1
2025-01-11,West China,Issuer D,Retail,Older phone,77,73,4,1648.84,0,1
2025-01-11,West China,Issuer D,Retail,Watch,76,72,4,1773.81,0,1
2025-01-11,West China,Issuer D,Dining,Recent phone,85,80,5,2369.46,0,1
2025-01-11,West China,Issuer D,Dining,Older phone,90,86,4,2647.12,0,1
2025-01-11,West China,Issuer D,Dining,Watch,81,76,5,2378.46,0,1
2025-01-11,West China,Issuer D,Transit,Recent phone,105,98,7,3707.49,0,1
2025-01-11,West China,Issuer D,Transit,Older phone,84,79,5,3022.24,0,1
2025-01-11,West China,Issuer D,Transit,Watch,82,76,6,2802.99,0,1
2025-01-11,West China,Issuer D,Grocery,Recent phone,95,92,3,4017.49,0,1
2025-01-11,West China,Issuer D,Grocery,Older phone,91,85,6,3951.51,0,1
2025-01-11,West China,Issuer D,Grocery,Watch,82,77,5,3429.06,0,1
2025-01-11,West China,Issuer D,Digital,Recent phone,110,102,8,5224.07,0,1
2025-01-11,West China,Issuer D,Digital,Older phone,98,92,6,4858.82,0,1
2025-01-11,West China,Issuer D,Digital,Watch,92,88,4,4735.14,0,1
2025-01-12,East China,Issuer A,Retail,Recent phone,56,55,1,882.02,0,1
2025-01-12,East China,Issuer A,Retail,Older phone,56,54,2,978.22,0,1
2025-01-12,East China,Issuer A,Retail,Watch,42,41,1,734.59,0,1
2025-01-12,East China,Issuer A,Dining,Recent phone,63,60,3,1552.03,0,1
2025-01-12,East China,Issuer A,Dining,Older phone,49,47,2,1155.87,0,1
2025-01-12,East China,Issuer A,Dining,Watch,48,45,3,1046.38,0,1
2025-01-12,East China,Issuer A,Transit,Recent phone,74,71,3,2153.7,0,1
2025-01-12,East China,Issuer A,Transit,Older phone,62,60,2,1807.35,0,1
2025-01-12,East China,Issuer A,Transit,Watch,56,54,2,1670.72,0,1
2025-01-12,East China,Issuer A,Grocery,Recent phone,68,67,1,2541.51,0,1
2025-01-12,East China,Issuer A,Grocery,Older phone,64,60,4,2355.97,0,1
2025-01-12,East China,Issuer A,Grocery,Watch,63,61,2,2294.15,0,1
2025-01-12,East China,Issuer A,Digital,Recent phone,80,77,3,3390.05,0,1
2025-01-12,East China,Issuer A,Digital,Older phone,68,65,3,2987.44,0,1
2025-01-12,East China,Issuer A,Digital,Watch,63,60,3,2670.82,0,1
2025-01-12,East China,Issuer B,Retail,Recent phone,59,57,2,951.38,0,1
2025-01-12,East China,Issuer B,Retail,Older phone,59,56,3,946.31,0,1
2025-01-12,East China,Issuer B,Retail,Watch,42,38,4,633.49,0,1
2025-01-12,East China,Issuer B,Dining,Recent phone,59,57,2,1384.78,0,1
2025-01-12,East China,Issuer B,Dining,Older phone,62,59,3,1592.34,0,1
2025-01-12,East China,Issuer B,Dining,Watch,54,51,3,1263.9,0,1
2025-01-12,East China,Issuer B,Transit,Recent phone,73,69,4,2116.15,0,1
2025-01-12,East China,Issuer B,Transit,Older phone,56,54,2,1778.37,0,1
2025-01-12,East China,Issuer B,Transit,Watch,51,48,3,1621.87,0,1
2025-01-12,East China,Issuer B,Grocery,Recent phone,79,76,3,2977.72,0,1
2025-01-12,East China,Issuer B,Grocery,Older phone,58,55,3,2117.41,0,1
2025-01-12,East China,Issuer B,Grocery,Watch,55,52,3,1949.06,0,1
2025-01-12,East China,Issuer B,Digital,Recent phone,83,81,2,3737.58,0,1
2025-01-12,East China,Issuer B,Digital,Older phone,80,76,4,3450.34,0,1
2025-01-12,East China,Issuer B,Digital,Watch,60,60,0,2685.45,0,1
2025-01-12,East China,Issuer C,Retail,Recent phone,59,55,4,1084.55,0,1
2025-01-12,East China,Issuer C,Retail,Older phone,48,45,3,744.96,0,1
2025-01-12,East China,Issuer C,Retail,Watch,50,48,2,954.35,0,1
2025-01-12,East China,Issuer C,Dining,Recent phone,68,66,2,1578.64,0,1
2025-01-12,East China,Issuer C,Dining,Older phone,53,52,1,1315.3,0,1
2025-01-12,East China,Issuer C,Dining,Watch,48,45,3,1041.83,0,1
2025-01-12,East China,Issuer C,Transit,Recent phone,68,67,1,2129.61,0,1
2025-01-12,East China,Issuer C,Transit,Older phone,68,66,2,2207.79,0,1
2025-01-12,East China,Issuer C,Transit,Watch,49,47,2,1594.23,0,1
2025-01-12,East China,Issuer C,Grocery,Recent phone,75,72,3,2886.99,0,1
2025-01-12,East China,Issuer C,Grocery,Older phone,71,69,2,2723.59,0,1
2025-01-12,East China,Issuer C,Grocery,Watch,59,56,3,2235.98,0,1
2025-01-12,East China,Issuer C,Digital,Recent phone,78,75,3,3456.05,0,1
2025-01-12,East China,Issuer C,Digital,Older phone,79,74,5,3385.43,0,1
2025-01-12,East China,Issuer C,Digital,Watch,64,62,2,2818.05,0,1
2025-01-12,East China,Issuer D,Retail,Recent phone,47,47,0,933.63,0,1
2025-01-12,East China,Issuer D,Retail,Older phone,50,49,1,973.04,0,1
2025-01-12,East China,Issuer D,Retail,Watch,41,39,2,728.85,0,1
2025-01-12,East China,Issuer D,Dining,Recent phone,60,59,1,1358.95,0,1
2025-01-12,East China,Issuer D,Dining,Older phone,52,52,0,1241.9,0,1
2025-01-12,East China,Issuer D,Dining,Watch,55,54,1,1435.58,0,1
2025-01-12,East China,Issuer D,Transit,Recent phone,71,69,2,2160.64,0,1
2025-01-12,East China,Issuer D,Transit,Older phone,62,60,2,2006.32,0,1
2025-01-12,East China,Issuer D,Transit,Watch,62,58,4,1963.26,0,1
2025-01-12,East China,Issuer D,Grocery,Recent phone,78,76,2,2860.55,0,1
2025-01-12,East China,Issuer D,Grocery,Older phone,70,68,2,2699.21,0,1
2025-01-12,East China,Issuer D,Grocery,Watch,56,55,1,2058.21,0,1
2025-01-12,East China,Issuer D,Digital,Recent phone,83,80,3,3674.17,0,1
2025-01-12,East China,Issuer D,Digital,Older phone,70,68,2,3045.14,0,1
2025-01-12,East China,Issuer D,Digital,Watch,71,68,3,3213.83,0,1
2025-01-12,North China,Issuer A,Retail,Recent phone,65,62,3,1274.3,0,1
2025-01-12,North China,Issuer A,Retail,Older phone,62,59,3,1068.14,0,1
2025-01-12,North China,Issuer A,Retail,Watch,56,51,5,1018.84,0,1
2025-01-12,North China,Issuer A,Dining,Recent phone,75,72,3,2036.22,0,1
2025-01-12,North China,Issuer A,Dining,Older phone,70,67,3,1844.25,0,1
2025-01-12,North China,Issuer A,Dining,Watch,64,61,3,1566.06,0,1
2025-01-12,North China,Issuer A,Transit,Recent phone,77,75,2,2687.6,0,1
2025-01-12,North China,Issuer A,Transit,Older phone,69,65,4,2132.56,0,1
2025-01-12,North China,Issuer A,Transit,Watch,69,66,3,2163.01,0,1
2025-01-12,North China,Issuer A,Grocery,Recent phone,74,72,2,2810.18,0,1
2025-01-12,North China,Issuer A,Grocery,Older phone,82,77,5,3183.97,0,1
2025-01-12,North China,Issuer A,Grocery,Watch,65,62,3,2564.66,0,1
2025-01-12,North China,Issuer A,Digital,Recent phone,87,83,4,3976.02,0,1
2025-01-12,North China,Issuer A,Digital,Older phone,88,84,4,4096.48,0,1
2025-01-12,North China,Issuer A,Digital,Watch,81,76,5,3607.84,0,1
2025-01-12,North China,Issuer B,Retail,Recent phone,66,65,1,1274.65,0,1
2025-01-12,North China,Issuer B,Retail,Older phone,58,56,2,1182.0,0,1
2025-01-12,North China,Issuer B,Retail,Watch,52,50,2,1085.09,0,1
2025-01-12,North China,Issuer B,Dining,Recent phone,85,81,4,2045.44,0,1
2025-01-12,North China,Issuer B,Dining,Older phone,72,68,4,1863.41,0,1
2025-01-12,North China,Issuer B,Dining,Watch,58,54,4,1554.83,0,1
2025-01-12,North China,Issuer B,Transit,Recent phone,72,69,3,2216.02,0,1
2025-01-12,North China,Issuer B,Transit,Older phone,63,62,1,2159.41,0,1
2025-01-12,North China,Issuer B,Transit,Watch,56,53,3,1820.42,0,1
2025-01-12,North China,Issuer B,Grocery,Recent phone,84,79,5,3242.39,0,1
2025-01-12,North China,Issuer B,Grocery,Older phone,74,69,5,2756.41,0,1
2025-01-12,North China,Issuer B,Grocery,Watch,62,58,4,2272.66,0,1
2025-01-12,North China,Issuer B,Digital,Recent phone,78,75,3,3536.46,0,1
2025-01-12,North China,Issuer B,Digital,Older phone,90,86,4,3981.72,0,1
2025-01-12,North China,Issuer B,Digital,Watch,80,76,4,3758.11,0,1
2025-01-12,North China,Issuer C,Retail,Recent phone,81,79,2,1523.42,0,1
2025-01-12,North China,Issuer C,Retail,Older phone,57,53,4,1125.06,0,1
2025-01-12,North China,Issuer C,Retail,Watch,41,39,2,816.09,0,1
2025-01-12,North China,Issuer C,Dining,Recent phone,61,59,2,1491.79,0,1
2025-01-12,North China,Issuer C,Dining,Older phone,65,62,3,1560.35,0,1
2025-01-12,North China,Issuer C,Dining,Watch,58,56,2,1410.9,0,1
2025-01-12,North China,Issuer C,Transit,Recent phone,81,78,3,2575.98,0,1
2025-01-12,North China,Issuer C,Transit,Older phone,69,63,6,2186.7,0,1
2025-01-12,North China,Issuer C,Transit,Watch,71,69,2,2231.17,0,1
2025-01-12,North China,Issuer C,Grocery,Recent phone,90,88,2,3656.51,0,1
2025-01-12,North China,Issuer C,Grocery,Older phone,82,80,2,3254.5,0,1
2025-01-12,North China,Issuer C,Grocery,Watch,67,63,4,2559.57,0,1
2025-01-12,North China,Issuer C,Digital,Recent phone,86,83,3,4054.61,0,1
2025-01-12,North China,Issuer C,Digital,Older phone,74,69,5,3177.35,0,1
2025-01-12,North China,Issuer C,Digital,Watch,76,72,4,3444.17,0,1
2025-01-12,North China,Issuer D,Retail,Recent phone,60,58,2,1092.01,0,1
2025-01-12,North China,Issuer D,Retail,Older phone,59,57,2,1115.02,0,1
2025-01-12,North China,Issuer D,Retail,Watch,55,51,4,1020.35,0,1
2025-01-12,North China,Issuer D,Dining,Recent phone,67,66,1,1861.52,0,1
2025-01-12,North China,Issuer D,Dining,Older phone,62,59,3,1661.17,0,1
2025-01-12,North China,Issuer D,Dining,Watch,56,52,4,1422.55,0,1
2025-01-12,North China,Issuer D,Transit,Recent phone,78,74,4,2513.71,0,1
2025-01-12,North China,Issuer D,Transit,Older phone,68,66,2,2316.72,0,1
2025-01-12,North China,Issuer D,Transit,Watch,64,61,3,2157.3,0,1
2025-01-12,North China,Issuer D,Grocery,Recent phone,84,80,4,3165.58,0,1
2025-01-12,North China,Issuer D,Grocery,Older phone,81,79,2,3156.98,0,1
2025-01-12,North China,Issuer D,Grocery,Watch,69,65,4,2612.9,0,1
2025-01-12,North China,Issuer D,Digital,Recent phone,96,90,6,4145.64,0,1
2025-01-12,North China,Issuer D,Digital,Older phone,86,81,5,3756.7,0,1
2025-01-12,North China,Issuer D,Digital,Watch,62,60,2,2811.22,0,1
2025-01-12,South China,Issuer A,Retail,Recent phone,67,65,2,1451.51,0,1
2025-01-12,South China,Issuer A,Retail,Older phone,66,64,2,1389.46,0,1
2025-01-12,South China,Issuer A,Retail,Watch,68,66,2,1532.08,0,1
2025-01-12,South China,Issuer A,Dining,Recent phone,83,80,3,2399.3,0,1
2025-01-12,South China,Issuer A,Dining,Older phone,73,70,3,2106.96,0,1
2025-01-12,South China,Issuer A,Dining,Watch,61,60,1,1778.57,0,1
2025-01-12,South China,Issuer A,Transit,Recent phone,86,82,4,3050.25,0,1
2025-01-12,South China,Issuer A,Transit,Older phone,77,73,4,2629.09,0,1
2025-01-12,South China,Issuer A,Transit,Watch,75,70,5,2526.97,0,1
2025-01-12,South China,Issuer A,Grocery,Recent phone,90,88,2,3738.48,0,1
2025-01-12,South China,Issuer A,Grocery,Older phone,80,75,5,3292.72,0,1
2025-01-12,South China,Issuer A,Grocery,Watch,79,76,3,3196.87,0,1
2025-01-12,South China,Issuer A,Digital,Recent phone,88,84,4,4077.36,0,1
2025-01-12,South China,Issuer A,Digital,Older phone,87,84,3,4050.68,0,1
2025-01-12,South China,Issuer A,Digital,Watch,80,78,2,3769.2,0,1
2025-01-12,South China,Issuer B,Retail,Recent phone,71,69,2,1600.85,0,1
2025-01-12,South China,Issuer B,Retail,Older phone,71,68,3,1595.37,0,1
2025-01-12,South China,Issuer B,Retail,Watch,57,54,3,1182.47,0,1
2025-01-12,South China,Issuer B,Dining,Recent phone,79,76,3,2147.17,0,1
2025-01-12,South China,Issuer B,Dining,Older phone,76,71,5,2200.35,0,1
2025-01-12,South China,Issuer B,Dining,Watch,72,68,4,1932.11,0,1
2025-01-12,South China,Issuer B,Transit,Recent phone,92,88,4,3004.55,0,1
2025-01-12,South China,Issuer B,Transit,Older phone,77,72,5,2490.52,0,1
2025-01-12,South China,Issuer B,Transit,Watch,70,66,4,2428.81,0,1
2025-01-12,South China,Issuer B,Grocery,Recent phone,96,93,3,3994.35,0,1
2025-01-12,South China,Issuer B,Grocery,Older phone,79,75,4,3154.39,0,1
2025-01-12,South China,Issuer B,Grocery,Watch,79,74,5,3280.56,0,1
2025-01-12,South China,Issuer B,Digital,Recent phone,100,95,5,4895.1,0,1
2025-01-12,South China,Issuer B,Digital,Older phone,94,89,5,4279.0,0,1
2025-01-12,South China,Issuer B,Digital,Watch,85,80,5,3926.41,0,1
2025-01-12,South China,Issuer C,Retail,Recent phone,78,74,4,1502.79,0,1
2025-01-12,South China,Issuer C,Retail,Older phone,68,65,3,1303.21,0,1
2025-01-12,South China,Issuer C,Retail,Watch,55,53,2,1271.11,0,1
2025-01-12,South China,Issuer C,Dining,Recent phone,83,80,3,2460.13,0,1
2025-01-12,South China,Issuer C,Dining,Older phone,77,73,4,2015.14,0,1
2025-01-12,South China,Issuer C,Dining,Watch,69,65,4,1764.87,0,1
2025-01-12,South China,Issuer C,Transit,Recent phone,78,74,4,2522.74,0,1
2025-01-12,South China,Issuer C,Transit,Older phone,81,76,5,2722.17,0,1
2025-01-12,South China,Issuer C,Transit,Watch,67,62,5,2341.8,0,1
2025-01-12,South China,Issuer C,Grocery,Recent phone,90,86,4,3782.25,0,1
2025-01-12,South China,Issuer C,Grocery,Older phone,89,85,4,3631.53,0,1
2025-01-12,South China,Issuer C,Grocery,Watch,77,73,4,3044.12,0,1
2025-01-12,South China,Issuer C,Digital,Recent phone,100,97,3,5027.0,0,1
2025-01-12,South China,Issuer C,Digital,Older phone,89,83,6,4000.59,0,1
2025-01-12,South China,Issuer C,Digital,Watch,88,85,3,4182.97,0,1
2025-01-12,South China,Issuer D,Retail,Recent phone,67,64,3,1511.33,0,1
2025-01-12,South China,Issuer D,Retail,Older phone,66,62,4,1310.95,0,1
2025-01-12,South China,Issuer D,Retail,Watch,62,59,3,1373.4,0,1
2025-01-12,South China,Issuer D,Dining,Recent phone,82,77,5,2297.79,0,1
2025-01-12,South China,Issuer D,Dining,Older phone,74,69,5,1875.5,0,1
2025-01-12,South China,Issuer D,Dining,Watch,68,63,5,1763.29,0,1
2025-01-12,South China,Issuer D,Transit,Recent phone,77,74,3,2733.47,0,1
2025-01-12,South China,Issuer D,Transit,Older phone,89,84,5,2903.7,0,1
2025-01-12,South China,Issuer D,Transit,Watch,74,71,3,2592.24,0,1
2025-01-12,South China,Issuer D,Grocery,Recent phone,95,89,6,3698.71,0,1
2025-01-12,South China,Issuer D,Grocery,Older phone,87,83,4,3531.2,0,1
2025-01-12,South China,Issuer D,Grocery,Watch,76,73,3,3279.92,0,1
2025-01-12,South China,Issuer D,Digital,Recent phone,99,95,4,4655.71,0,1
2025-01-12,South China,Issuer D,Digital,Older phone,87,83,4,4008.62,0,1
2025-01-12,South China,Issuer D,Digital,Watch,82,76,6,3704.79,0,1
2025-01-12,West China,Issuer A,Retail,Recent phone,84,80,4,1893.13,0,1
2025-01-12,West China,Issuer A,Retail,Older phone,74,71,3,1604.56,0,1
2025-01-12,West China,Issuer A,Retail,Watch,74,70,4,1684.5,0,1
2025-01-12,West China,Issuer A,Dining,Recent phone,92,88,4,2721.84,0,1
2025-01-12,West China,Issuer A,Dining,Older phone,92,87,5,2732.32,0,1
2025-01-12,West China,Issuer A,Dining,Watch,78,74,4,2383.6,0,1
2025-01-12,West China,Issuer A,Transit,Recent phone,94,90,4,3333.46,0,1
2025-01-12,West China,Issuer A,Transit,Older phone,87,83,4,3068.37,0,1
2025-01-12,West China,Issuer A,Transit,Watch,79,75,4,2873.17,0,1
2025-01-12,West China,Issuer A,Grocery,Recent phone,100,96,4,4232.44,0,1
2025-01-12,West China,Issuer A,Grocery,Older phone,94,89,5,4135.59,0,1
2025-01-12,West China,Issuer A,Grocery,Watch,82,76,6,3291.76,0,1
2025-01-12,West China,Issuer A,Digital,Recent phone,98,94,4,4993.34,0,1
2025-01-12,West China,Issuer A,Digital,Older phone,98,93,5,4814.6,0,1
2025-01-12,West China,Issuer A,Digital,Watch,94,91,3,4904.88,0,1
2025-01-12,West China,Issuer B,Retail,Recent phone,81,78,3,1847.3,0,1
2025-01-12,West China,Issuer B,Retail,Older phone,73,70,3,1734.16,0,1
2025-01-12,West China,Issuer B,Retail,Watch,65,61,4,1435.9,0,1
2025-01-12,West China,Issuer B,Dining,Recent phone,97,93,4,2961.61,0,1
2025-01-12,West China,Issuer B,Dining,Older phone,93,90,3,2958.55,0,1
2025-01-12,West China,Issuer B,Dining,Watch,76,73,3,2153.55,0,1
2025-01-12,West China,Issuer B,Transit,Recent phone,98,93,5,3433.32,0,1
2025-01-12,West China,Issuer B,Transit,Older phone,91,86,5,3389.96,0,1
2025-01-12,West China,Issuer B,Transit,Watch,78,75,3,2934.56,0,1
2025-01-12,West China,Issuer B,Grocery,Recent phone,96,94,2,4343.35,0,1
2025-01-12,West China,Issuer B,Grocery,Older phone,102,98,4,4592.86,0,1
2025-01-12,West China,Issuer B,Grocery,Watch,86,82,4,3831.19,0,1
2025-01-12,West China,Issuer B,Digital,Recent phone,109,106,3,5508.5,0,1
2025-01-12,West China,Issuer B,Digital,Older phone,94,89,5,4619.05,0,1
2025-01-12,West China,Issuer B,Digital,Watch,85,81,4,4257.82,0,1
2025-01-12,West China,Issuer C,Retail,Recent phone,83,80,3,1909.26,0,1
2025-01-12,West China,Issuer C,Retail,Older phone,81,76,5,1918.65,0,1
2025-01-12,West China,Issuer C,Retail,Watch,68,66,2,1475.25,0,1
2025-01-12,West China,Issuer C,Dining,Recent phone,83,79,4,2517.07,0,1
2025-01-12,West China,Issuer C,Dining,Older phone,84,81,3,2536.68,0,1
2025-01-12,West China,Issuer C,Dining,Watch,70,65,5,1906.15,0,1
2025-01-12,West China,Issuer C,Transit,Recent phone,97,92,5,3317.98,0,1
2025-01-12,West China,Issuer C,Transit,Older phone,77,72,5,2763.55,0,1
2025-01-12,West China,Issuer C,Transit,Watch,68,63,5,2323.32,0,1
2025-01-12,West China,Issuer C,Grocery,Recent phone,105,101,4,4393.95,0,1
2025-01-12,West China,Issuer C,Grocery,Older phone,94,88,6,3948.97,0,1
2025-01-12,West China,Issuer C,Grocery,Watch,83,78,5,3514.89,0,1
2025-01-12,West China,Issuer C,Digital,Recent phone,98,93,5,4747.68,0,1
2025-01-12,West China,Issuer C,Digital,Older phone,96,92,4,4720.52,0,1
2025-01-12,West China,Issuer C,Digital,Watch,91,86,5,4488.19,0,1
2025-01-12,West China,Issuer D,Retail,Recent phone,83,78,5,1984.12,0,1
2025-01-12,West China,Issuer D,Retail,Older phone,82,78,4,1939.68,0,1
2025-01-12,West China,Issuer D,Retail,Watch,75,71,4,1740.86,0,1
2025-01-12,West China,Issuer D,Dining,Recent phone,96,92,4,3033.42,0,1
2025-01-12,West China,Issuer D,Dining,Older phone,81,76,5,2344.55,0,1
2025-01-12,West China,Issuer D,Dining,Watch,79,75,4,2234.88,0,1
2025-01-12,West China,Issuer D,Transit,Recent phone,98,94,4,3646.05,0,1
2025-01-12,West China,Issuer D,Transit,Older phone,91,86,5,3420.16,0,1
2025-01-12,West China,Issuer D,Transit,Watch,76,72,4,2754.82,0,1
2025-01-12,West China,Issuer D,Grocery,Recent phone,104,99,5,4291.81,0,1
2025-01-12,West China,Issuer D,Grocery,Older phone,91,86,5,3715.29,0,1
2025-01-12,West China,Issuer D,Grocery,Watch,89,85,4,3989.28,0,1
2025-01-12,West China,Issuer D,Digital,Recent phone,105,100,5,5364.26,0,1
2025-01-12,West China,Issuer D,Digital,Older phone,109,103,6,5231.12,0,1
2025-01-12,West China,Issuer D,Digital,Watch,87,83,4,4319.64,0,1
2025-01-13,East China,Issuer A,Retail,Recent phone,44,42,2,822.25,0,1
2025-01-13,East China,Issuer A,Retail,Older phone,45,43,2,800.03,0,1
2025-01-13,East China,Issuer A,Retail,Watch,37,34,3,670.34,0,1
2025-01-13,East China,Issuer A,Dining,Recent phone,57,54,3,1391.17,0,1
2025-01-13,East China,Issuer A,Dining,Older phone,49,46,3,1098.7,0,1
2025-01-13,East China,Issuer A,Dining,Watch,47,45,2,1045.47,0,1
2025-01-13,East China,Issuer A,Transit,Recent phone,70,67,3,2082.82,0,1
2025-01-13,East China,Issuer A,Transit,Older phone,48,44,4,1387.81,0,1
2025-01-13,East China,Issuer A,Transit,Watch,56,53,3,1637.09,0,1
2025-01-13,East China,Issuer A,Grocery,Recent phone,59,56,3,2072.98,0,1
2025-01-13,East China,Issuer A,Grocery,Older phone,60,57,3,2252.44,0,1
2025-01-13,East China,Issuer A,Grocery,Watch,52,50,2,1975.15,0,1
2025-01-13,East China,Issuer A,Digital,Recent phone,79,76,3,3379.49,0,1
2025-01-13,East China,Issuer A,Digital,Older phone,68,64,4,3054.36,0,1
2025-01-13,East China,Issuer A,Digital,Watch,58,56,2,2508.43,0,1
2025-01-13,East China,Issuer B,Retail,Recent phone,57,55,2,998.26,0,1
2025-01-13,East China,Issuer B,Retail,Older phone,49,47,2,765.55,0,1
2025-01-13,East China,Issuer B,Retail,Watch,31,30,1,518.37,0,1
2025-01-13,East China,Issuer B,Dining,Recent phone,57,54,3,1351.25,0,1
2025-01-13,East China,Issuer B,Dining,Older phone,51,48,3,1177.27,0,1
2025-01-13,East China,Issuer B,Dining,Watch,42,40,2,934.11,0,1
2025-01-13,East China,Issuer B,Transit,Recent phone,63,58,5,1855.94,0,1
2025-01-13,East China,Issuer B,Transit,Older phone,48,47,1,1440.14,0,1
2025-01-13,East China,Issuer B,Transit,Watch,49,46,3,1389.4,0,1
2025-01-13,East China,Issuer B,Grocery,Recent phone,70,69,1,2719.52,0,1
2025-01-13,East China,Issuer B,Grocery,Older phone,55,52,3,2035.59,0,1
2025-01-13,East China,Issuer B,Grocery,Watch,51,47,4,1908.47,0,1
2025-01-13,East China,Issuer B,Digital,Recent phone,82,79,3,3479.49,0,1
2025-01-13,East China,Issuer B,Digital,Older phone,53,50,3,2303.0,0,1
2025-01-13,East China,Issuer B,Digital,Watch,64,60,4,2642.0,0,1
2025-01-13,East China,Issuer C,Retail,Recent phone,55,52,3,833.0,0,1
2025-01-13,East China,Issuer C,Retail,Older phone,44,41,3,697.54,0,1
2025-01-13,East China,Issuer C,Retail,Watch,45,43,2,820.11,0,1
2025-01-13,East China,Issuer C,Dining,Recent phone,56,55,1,1270.95,0,1
2025-01-13,East China,Issuer C,Dining,Older phone,44,42,2,1117.97,0,1
2025-01-13,East China,Issuer C,Dining,Watch,49,47,2,1195.01,0,1
2025-01-13,East China,Issuer C,Transit,Recent phone,64,61,3,2057.31,0,1
2025-01-13,East China,Issuer C,Transit,Older phone,63,59,4,1853.54,0,1
2025-01-13,East China,Issuer C,Transit,Watch,46,46,0,1550.8,0,1
2025-01-13,East China,Issuer C,Grocery,Recent phone,63,61,2,2440.83,0,1
2025-01-13,East China,Issuer C,Grocery,Older phone,71,69,2,2691.55,0,1
2025-01-13,East China,Issuer C,Grocery,Watch,62,60,2,2373.56,0,1
2025-01-13,East China,Issuer C,Digital,Recent phone,69,67,2,3215.68,0,1
2025-01-13,East China,Issuer C,Digital,Older phone,68,65,3,2873.45,0,1
2025-01-13,East China,Issuer C,Digital,Watch,54,53,1,2537.19,0,1
2025-01-13,East China,Issuer D,Retail,Recent phone,51,49,2,790.42,0,1
2025-01-13,East China,Issuer D,Retail,Older phone,51,49,2,969.85,0,1
2025-01-13,East China,Issuer D,Retail,Watch,39,36,3,704.07,0,1
2025-01-13,East China,Issuer D,Dining,Recent phone,62,62,0,1628.74,0,1
2025-01-13,East China,Issuer D,Dining,Older phone,51,50,1,1242.72,0,1
2025-01-13,East China,Issuer D,Dining,Watch,44,40,4,921.47,0,1
2025-01-13,East China,Issuer D,Transit,Recent phone,66,62,4,1949.01,0,1
2025-01-13,East China,Issuer D,Transit,Older phone,57,53,4,1617.82,0,1
2025-01-13,East China,Issuer D,Transit,Watch,45,43,2,1369.37,0,1
2025-01-13,East China,Issuer D,Grocery,Recent phone,70,67,3,2482.65,0,1
2025-01-13,East China,Issuer D,Grocery,Older phone,63,61,2,2375.9,0,1
2025-01-13,East China,Issuer D,Grocery,Watch,58,54,4,2185.93,0,1
2025-01-13,East China,Issuer D,Digital,Recent phone,80,76,4,3451.6,0,1
2025-01-13,East China,Issuer D,Digital,Older phone,67,64,3,2912.23,0,1
2025-01-13,East China,Issuer D,Digital,Watch,58,53,5,2542.51,0,1
2025-01-13,North China,Issuer A,Retail,Recent phone,54,52,2,1033.05,0,1
2025-01-13,North China,Issuer A,Retail,Older phone,59,56,3,1150.11,0,1
2025-01-13,North China,Issuer A,Retail,Watch,42,40,2,813.46,0,1
2025-01-13,North China,Issuer A,Dining,Recent phone,61,59,2,1662.19,0,1
2025-01-13,North China,Issuer A,Dining,Older phone,58,55,3,1468.65,0,1
2025-01-13,North China,Issuer A,Dining,Watch,41,39,2,1022.34,0,1
2025-01-13,North China,Issuer A,Transit,Recent phone,72,69,3,2450.43,0,1
2025-01-13,North China,Issuer A,Transit,Older phone,67,64,3,2063.14,0,1
2025-01-13,North China,Issuer A,Transit,Watch,58,56,2,1885.55,0,1
2025-01-13,North China,Issuer A,Grocery,Recent phone,76,71,5,2977.06,0,1
2025-01-13,North China,Issuer A,Grocery,Older phone,69,65,4,2560.88,0,1
2025-01-13,North China,Issuer A,Grocery,Watch,59,55,4,2215.83,0,1
2025-01-13,North China,Issuer A,Digital,Recent phone,89,86,3,3991.18,0,1
2025-01-13,North China,Issuer A,Digital,Older phone,67,65,2,3168.33,0,1
2025-01-13,North China,Issuer A,Digital,Watch,71,68,3,3150.67,0,1
2025-01-13,North China,Issuer B,Retail,Recent phone,67,66,1,1371.19,0,1
2025-01-13,North China,Issuer B,Retail,Older phone,57,56,1,1098.16,0,1
2025-01-13,North China,Issuer B,Retail,Watch,47,46,1,997.16,0,1
2025-01-13,North China,Issuer B,Dining,Recent phone,74,71,3,1925.95,0,1
2025-01-13,North China,Issuer B,Dining,Older phone,64,62,2,1556.41,0,1
2025-01-13,North China,Issuer B,Dining,Watch,46,43,3,1140.23,0,1
2025-01-13,North China,Issuer B,Transit,Recent phone,64,63,1,2066.0,0,1
2025-01-13,North China,Issuer B,Transit,Older phone,70,65,5,2202.71,0,1
2025-01-13,North China,Issuer B,Transit,Watch,50,47,3,1679.27,0,1
2025-01-13,North China,Issuer B,Grocery,Recent phone,76,73,3,3055.69,0,1
2025-01-13,North China,Issuer B,Grocery,Older phone,69,66,3,2631.85,0,1
2025-01-13,North China,Issuer B,Grocery,Watch,58,57,1,2349.34,0,1
2025-01-13,North China,Issuer B,Digital,Recent phone,80,77,3,3608.77,0,1
2025-01-13,North China,Issuer B,Digital,Older phone,69,65,4,3126.28,0,1
2025-01-13,North China,Issuer B,Digital,Watch,75,71,4,3496.72,0,1
2025-01-13,North China,Issuer C,Retail,Recent phone,54,54,0,1167.24,0,1
2025-01-13,North China,Issuer C,Retail,Older phone,42,42,0,858.14,0,1
2025-01-13,North China,Issuer C,Retail,Watch,44,42,2,835.26,0,1
2025-01-13,North China,Issuer C,Dining,Recent phone,62,61,1,1679.09,0,1
2025-01-13,North China,Issuer C,Dining,Older phone,56,53,3,1530.34,0,1
2025-01-13,North China,Issuer C,Dining,Watch,62,61,1,1708.84,0,1
2025-01-13,North China,Issuer C,Transit,Recent phone,70,68,2,2248.48,0,1
2025-01-13,North China,Issuer C,Transit,Older phone,67,64,3,2225.42,0,1
2025-01-13,North China,Issuer C,Transit,Watch,53,49,4,1622.59,0,1
2025-01-13,North China,Issuer C,Grocery,Recent phone,72,70,2,2957.41,0,1
2025-01-13,North China,Issuer C,Grocery,Older phone,73,69,4,2740.0,0,1
2025-01-13,North China,Issuer C,Grocery,Watch,61,58,3,2377.36,0,1
2025-01-13,North China,Issuer C,Digital,Recent phone,83,79,4,3764.5,0,1
2025-01-13,North China,Issuer C,Digital,Older phone,64,61,3,2938.95,0,1
2025-01-13,North China,Issuer C,Digital,Watch,64,61,3,2959.63,0,1
2025-01-13,North China,Issuer D,Retail,Recent phone,61,58,3,1236.26,0,1
2025-01-13,North China,Issuer D,Retail,Older phone,58,56,2,1114.59,0,1
2025-01-13,North China,Issuer D,Retail,Watch,46,46,0,974.54,0,1
2025-01-13,North China,Issuer D,Dining,Recent phone,70,67,3,1900.09,0,1
2025-01-13,North China,Issuer D,Dining,Older phone,64,62,2,1672.35,0,1
2025-01-13,North China,Issuer D,Dining,Watch,48,46,2,1218.51,0,1
2025-01-13,North China,Issuer D,Transit,Recent phone,73,72,1,2454.12,0,1
2025-01-13,North China,Issuer D,Transit,Older phone,60,59,1,2000.72,0,1
2025-01-13,North China,Issuer D,Transit,Watch,58,57,1,1842.05,0,1
2025-01-13,North China,Issuer D,Grocery,Recent phone,71,69,2,2954.44,0,1
2025-01-13,North China,Issuer D,Grocery,Older phone,79,76,3,3141.96,0,1
2025-01-13,North China,Issuer D,Grocery,Watch,64,61,3,2450.64,0,1
2025-01-13,North China,Issuer D,Digital,Recent phone,82,78,4,3821.47,0,1
2025-01-13,North China,Issuer D,Digital,Older phone,70,68,2,3212.36,0,1
2025-01-13,North China,Issuer D,Digital,Watch,67,62,5,3039.49,0,1
2025-01-13,South China,Issuer A,Retail,Recent phone,73,69,4,1412.35,0,1
2025-01-13,South China,Issuer A,Retail,Older phone,65,62,3,1325.39,0,1
2025-01-13,South China,Issuer A,Retail,Watch,47,45,2,961.41,0,1
2025-01-13,South China,Issuer A,Dining,Recent phone,74,71,3,2174.16,0,1
2025-01-13,South China,Issuer A,Dining,Older phone,63,60,3,1738.63,0,1
2025-01-13,South China,Issuer A,Dining,Watch,56,52,4,1442.51,0,1
2025-01-13,South China,Issuer A,Transit,Recent phone,79,75,4,2831.88,0,1
2025-01-13,South China,Issuer A,Transit,Older phone,67,64,3,2324.92,0,1
2025-01-13,South China,Issuer A,Transit,Watch,60,56,4,1933.88,0,1
2025-01-13,South China,Issuer A,Grocery,Recent phone,88,83,5,3601.71,0,1
2025-01-13,South China,Issuer A,Grocery,Older phone,79,76,3,3252.03,0,1
2025-01-13,South China,Issuer A,Grocery,Watch,71,68,3,3006.82,0,1
2025-01-13,South China,Issuer A,Digital,Recent phone,85,79,6,3999.1,0,1
2025-01-13,South China,Issuer A,Digital,Older phone,85,83,2,4141.21,0,1
2025-01-13,South China,Issuer A,Digital,Watch,71,66,5,3204.47,0,1
2025-01-13,South China,Issuer B,Retail,Recent phone,64,61,3,1367.51,0,1
2025-01-13,South China,Issuer B,Retail,Older phone,62,59,3,1249.31,0,1
2025-01-13,South China,Issuer B,Retail,Watch,58,56,2,1195.12,0,1
2025-01-13,South China,Issuer B,Dining,Recent phone,82,80,2,2236.42,0,1
2025-01-13,South China,Issuer B,Dining,Older phone,60,56,4,1715.24,0,1
2025-01-13,South China,Issuer B,Dining,Watch,58,53,5,1499.96,0,1
2025-01-13,South China,Issuer B,Transit,Recent phone,88,83,5,3102.45,0,1
2025-01-13,South China,Issuer B,Transit,Older phone,69,66,3,2318.98,0,1
2025-01-13,South China,Issuer B,Transit,Watch,64,61,3,2216.84,0,1
2025-01-13,South China,Issuer B,Grocery,Recent phone,78,76,2,3373.12,0,1
2025-01-13,South China,Issuer B,Grocery,Older phone,73,68,5,2947.42,0,1
2025-01-13,South China,Issuer B,Grocery,Watch,73,69,4,3033.5,0,1
2025-01-13,South China,Issuer B,Digital,Recent phone,91,87,4,4281.59,0,1
2025-01-13,South China,Issuer B,Digital,Older phone,81,77,4,3847.4,0,1
2025-01-13,South China,Issuer B,Digital,Watch,70,65,5,3248.98,0,1
2025-01-13,South China,Issuer C,Retail,Recent phone,65,61,4,1346.72,0,1
2025-01-13,South China,Issuer C,Retail,Older phone,60,58,2,1340.27,0,1
2025-01-13,South China,Issuer C,Retail,Watch,53,50,3,1187.23,0,1
2025-01-13,South China,Issuer C,Dining,Recent phone,58,55,3,1503.05,0,1
2025-01-13,South China,Issuer C,Dining,Older phone,69,65,4,2002.28,0,1
2025-01-13,South China,Issuer C,Dining,Watch,69,64,5,1961.03,0,1
2025-01-13,South China,Issuer C,Transit,Recent phone,80,77,3,2751.34,0,1
2025-01-13,South China,Issuer C,Transit,Older phone,63,60,3,2234.49,0,1
2025-01-13,South China,Issuer C,Transit,Watch,69,66,3,2447.3,0,1
2025-01-13,South China,Issuer C,Grocery,Recent phone,79,76,3,3242.61,0,1
2025-01-13,South China,Issuer C,Grocery,Older phone,71,67,4,2869.71,0,1
2025-01-13,South China,Issuer C,Grocery,Watch,71,67,4,2957.48,0,1
2025-01-13,South China,Issuer C,Digital,Recent phone,88,85,3,4226.84,0,1
2025-01-13,South China,Issuer C,Digital,Older phone,80,76,4,3649.4,0,1
2025-01-13,South China,Issuer C,Digital,Watch,76,71,5,3656.24,0,1
2025-01-13,South China,Issuer D,Retail,Recent phone,72,69,3,1633.44,0,1
2025-01-13,South China,Issuer D,Retail,Older phone,67,64,3,1285.84,0,1
2025-01-13,South China,Issuer D,Retail,Watch,56,53,3,1061.85,0,1
2025-01-13,South China,Issuer D,Dining,Recent phone,70,67,3,2009.03,0,1
2025-01-13,South China,Issuer D,Dining,Older phone,62,59,3,1647.05,0,1
2025-01-13,South China,Issuer D,Dining,Watch,56,54,2,1652.51,0,1
2025-01-13,South China,Issuer D,Transit,Recent phone,86,84,2,3180.14,0,1
2025-01-13,South China,Issuer D,Transit,Older phone,70,67,3,2528.38,0,1
2025-01-13,South China,Issuer D,Transit,Watch,57,53,4,1864.43,0,1
2025-01-13,South China,Issuer D,Grocery,Recent phone,83,79,4,3383.0,0,1
2025-01-13,South China,Issuer D,Grocery,Older phone,79,74,5,3204.45,0,1
2025-01-13,South China,Issuer D,Grocery,Watch,66,63,3,2618.19,0,1
2025-01-13,South China,Issuer D,Digital,Recent phone,90,85,5,4116.8,0,1
2025-01-13,South China,Issuer D,Digital,Older phone,80,77,3,3951.39,0,1
2025-01-13,South China,Issuer D,Digital,Watch,85,79,6,3844.47,0,1
2025-01-13,West China,Issuer A,Retail,Recent phone,80,77,3,1985.14,0,1
2025-01-13,West China,Issuer A,Retail,Older phone,67,64,3,1612.47,0,1
2025-01-13,West China,Issuer A,Retail,Watch,69,65,4,1505.59,0,1
2025-01-13,West China,Issuer A,Dining,Recent phone,77,75,2,2305.63,0,1
2025-01-13,West China,Issuer A,Dining,Older phone,88,85,3,2794.51,0,1
2025-01-13,West China,Issuer A,Dining,Watch,63,60,3,1828.69,0,1
2025-01-13,West China,Issuer A,Transit,Recent phone,85,81,4,3117.98,0,1
2025-01-13,West China,Issuer A,Transit,Older phone,75,73,2,2851.14,0,1
2025-01-13,West China,Issuer A,Transit,Watch,81,76,5,2832.5,0,1
2025-01-13,West China,Issuer A,Grocery,Recent phone,98,92,6,4224.33,0,1
2025-01-13,West China,Issuer A,Grocery,Older phone,86,82,4,3712.83,0,1
2025-01-13,West China,Issuer A,Grocery,Watch,74,70,4,3134.37,0,1
2025-01-13,West China,Issuer A,Digital,Recent phone,96,92,4,4876.62,0,1
2025-01-13,West China,Issuer A,Digital,Older phone,88,84,4,4535.82,0,1
2025-01-13,West China,Issuer A,Digital,Watch,81,76,5,4076.88,0,1
2025-01-13,West China,Issuer B,Retail,Recent phone,76,73,3,1635.61,0,1
2025-01-13,West China,Issuer B,Retail,Older phone,67,63,4,1497.75,0,1
2025-01-13,West China,Issuer B,Retail,Watch,69,65,4,1562.29,0,1
2025-01-13,West China,Issuer B,Dining,Recent phone,83,79,4,2456.08,0,1
2025-01-13,West China,Issuer B,Dining,Older phone,74,70,4,2148.49,0,1
2025-01-13,West China,Issuer B,Dining,Watch,62,58,4,1769.04,0,1
2025-01-13,West China,Issuer B,Transit,Recent phone,86,82,4,3050.62,0,1
2025-01-13,West China,Issuer B,Transit,Older phone,84,80,4,3121.92,0,1
2025-01-13,West China,Issuer B,Transit,Watch,81,78,3,2813.24,0,1
2025-01-13,West China,Issuer B,Grocery,Recent phone,91,86,5,4017.14,0,1
2025-01-13,West China,Issuer B,Grocery,Older phone,89,84,5,3732.87,0,1
2025-01-13,West China,Issuer B,Grocery,Watch,79,75,4,3350.72,0,1
2025-01-13,West China,Issuer B,Digital,Recent phone,104,100,4,5038.42,0,1
2025-01-13,West China,Issuer B,Digital,Older phone,95,91,4,4804.92,0,1
2025-01-13,West China,Issuer B,Digital,Watch,86,79,7,4086.26,0,1
2025-01-13,West China,Issuer C,Retail,Recent phone,69,67,2,1493.36,0,1
2025-01-13,West China,Issuer C,Retail,Older phone,82,79,3,2008.9,0,1
2025-01-13,West China,Issuer C,Retail,Watch,65,60,5,1513.63,0,1
2025-01-13,West China,Issuer C,Dining,Recent phone,79,76,3,2205.84,0,1
2025-01-13,West China,Issuer C,Dining,Older phone,67,65,2,2082.76,0,1
2025-01-13,West China,Issuer C,Dining,Watch,70,65,5,2001.77,0,1
2025-01-13,West China,Issuer C,Transit,Recent phone,80,75,5,2921.41,0,1
2025-01-13,West China,Issuer C,Transit,Older phone,76,72,4,2843.5,0,1
2025-01-13,West China,Issuer C,Transit,Watch,78,74,4,2797.15,0,1
2025-01-13,West China,Issuer C,Grocery,Recent phone,92,88,4,4078.07,0,1
2025-01-13,West China,Issuer C,Grocery,Older phone,83,80,3,3682.75,0,1
2025-01-13,West China,Issuer C,Grocery,Watch,76,72,4,3193.05,0,1
2025-01-13,West China,Issuer C,Digital,Recent phone,100,99,1,5069.37,0,1
2025-01-13,West China,Issuer C,Digital,Older phone,86,82,4,4127.01,0,1
2025-01-13,West China,Issuer C,Digital,Watch,77,73,4,3656.5,0,1
2025-01-13,West China,Issuer D,Retail,Recent phone,82,79,3,2028.7,0,1
2025-01-13,West China,Issuer D,Retail,Older phone,73,69,4,1527.93,0,1
2025-01-13,West China,Issuer D,Retail,Watch,65,60,5,1393.65,0,1
2025-01-13,West China,Issuer D,Dining,Recent phone,73,69,4,2060.09,0,1
2025-01-13,West China,Issuer D,Dining,Older phone,70,67,3,1945.44,0,1
2025-01-13,West China,Issuer D,Dining,Watch,61,58,3,1857.05,0,1
2025-01-13,West China,Issuer D,Transit,Recent phone,79,76,3,3006.98,0,1
2025-01-13,West China,Issuer D,Transit,Older phone,72,69,3,2506.23,0,1
2025-01-13,West China,Issuer D,Transit,Watch,74,69,5,2658.33,0,1
2025-01-13,West China,Issuer D,Grocery,Recent phone,91,87,4,3837.84,0,1
2025-01-13,West China,Issuer D,Grocery,Older phone,81,78,3,3424.65,0,1
2025-01-13,West China,Issuer D,Grocery,Watch,72,70,2,3172.07,0,1
2025-01-13,West China,Issuer D,Digital,Recent phone,93,89,4,4455.9,0,1
2025-01-13,West China,Issuer D,Digital,Older phone,97,91,6,4566.32,0,1
2025-01-13,West China,Issuer D,Digital,Watch,79,77,2,3862.48,0,1
2025-01-14,East China,Issuer A,Retail,Recent phone,50,47,3,821.11,0,1
2025-01-14,East China,Issuer A,Retail,Older phone,48,46,2,919.88,0,1
2025-01-14,East China,Issuer A,Retail,Watch,29,29,0,513.33,0,1
2025-01-14,East China,Issuer A,Dining,Recent phone,59,56,3,1430.42,0,1
2025-01-14,East China,Issuer A,Dining,Older phone,53,52,1,1223.1,0,1
2025-01-14,East China,Issuer A,Dining,Watch,49,45,4,1103.06,0,1
2025-01-14,East China,Issuer A,Transit,Recent phone,61,60,1,1930.44,0,1
2025-01-14,East China,Issuer A,Transit,Older phone,56,55,1,1851.5,0,1
2025-01-14,East China,Issuer A,Transit,Watch,47,44,3,1454.56,0,1
2025-01-14,East China,Issuer A,Grocery,Recent phone,72,68,4,2535.61,0,1
2025-01-14,East China,Issuer A,Grocery,Older phone,62,58,4,2216.2,0,1
2025-01-14,East China,Issuer A,Grocery,Watch,54,50,4,2034.55,0,1
2025-01-14,East China,Issuer A,Digital,Recent phone,76,73,3,3223.21,0,1
2025-01-14,East China,Issuer A,Digital,Older phone,64,60,4,2752.11,0,1
2025-01-14,East China,Issuer A,Digital,Watch,53,50,3,2269.09,0,1
2025-01-14,East China,Issuer B,Retail,Recent phone,46,44,2,879.22,0,1
2025-01-14,East China,Issuer B,Retail,Older phone,43,42,1,684.51,0,1
2025-01-14,East China,Issuer B,Retail,Watch,47,46,1,847.38,0,1
2025-01-14,East China,Issuer B,Dining,Recent phone,62,62,0,1495.03,0,1
2025-01-14,East China,Issuer B,Dining,Older phone,55,53,2,1376.27,0,1
2025-01-14,East China,Issuer B,Dining,Watch,47,44,3,1062.63,0,1
2025-01-14,East China,Issuer B,Transit,Recent phone,62,60,2,1838.16,0,1
2025-01-14,East China,Issuer B,Transit,Older phone,51,48,3,1448.8,0,1
2025-01-14,East China,Issuer B,Transit,Watch,47,44,3,1413.95,0,1
2025-01-14,East China,Issuer B,Grocery,Recent phone,73,70,3,2808.62,0,1
2025-01-14,East China,Issuer B,Grocery,Older phone,61,59,2,2308.12,0,1
2025-01-14,East China,Issuer B,Grocery,Watch,54,50,4,1942.06,0,1
2025-01-14,East China,Issuer B,Digital,Recent phone,74,72,2,3250.76,0,1
2025-01-14,East China,Issuer B,Digital,Older phone,67,64,3,2893.55,0,1
2025-01-14,East China,Issuer B,Digital,Watch,50,47,3,2083.8,0,1
2025-01-14,East China,Issuer C,Retail,Recent phone,50,48,2,922.47,0,1
2025-01-14,East China,Issuer C,Retail,Older phone,55,53,2,916.43,0,1
2025-01-14,East China,Issuer C,Retail,Watch,38,35,3,637.45,0,1
2025-01-14,East China,Issuer C,Dining,Recent phone,63,61,2,1625.59,0,1
2025-01-14,East China,Issuer C,Dining,Older phone,54,53,1,1286.29,0,1
2025-01-14,East China,Issuer C,Dining,Watch,46,43,3,1107.9,0,1
2025-01-14,East China,Issuer C,Transit,Recent phone,68,65,3,2179.45,0,1
2025-01-14,East China,Issuer C,Transit,Older phone,52,48,4,1571.46,0,1
2025-01-14,East China,Issuer C,Transit,Watch,51,48,3,1579.07,0,1
2025-01-14,East China,Issuer C,Grocery,Recent phone,70,66,4,2449.46,0,1
2025-01-14,East China,Issuer C,Grocery,Older phone,54,52,2,2124.26,0,1
2025-01-14,East China,Issuer C,Grocery,Watch,42,39,3,1570.2,0,1
2025-01-14,East China,Issuer C,Digital,Recent phone,64,61,3,2754.59,0,1
2025-01-14,East China,Issuer C,Digital,Older phone,68,66,2,3129.38,0,1
2025-01-14,East China,Issuer C,Digital,Watch,56,55,1,2619.77,0,1
2025-01-14,East China,Issuer D,Retail,Recent phone,57,55,2,906.23,0,1
2025-01-14,East China,Issuer D,Retail,Older phone,45,43,2,717.98,0,1
2025-01-14,East China,Issuer D,Retail,Watch,33,30,3,549.36,0,1
2025-01-14,East China,Issuer D,Dining,Recent phone,48,46,2,1062.26,0,1
2025-01-14,East China,Issuer D,Dining,Older phone,50,48,2,1106.45,0,1
2025-01-14,East China,Issuer D,Dining,Watch,45,42,3,979.88,0,1
2025-01-14,East China,Issuer D,Transit,Recent phone,60,57,3,1822.19,0,1
2025-01-14,East China,Issuer D,Transit,Older phone,59,57,2,1828.68,0,1
2025-01-14,East China,Issuer D,Transit,Watch,46,42,4,1314.49,0,1
2025-01-14,East China,Issuer D,Grocery,Recent phone,71,69,2,2682.75,0,1
2025-01-14,East China,Issuer D,Grocery,Older phone,67,64,3,2467.88,0,1
2025-01-14,East China,Issuer D,Grocery,Watch,55,54,1,2039.86,0,1
2025-01-14,East China,Issuer D,Digital,Recent phone,73,71,2,3343.18,0,1
2025-01-14,East China,Issuer D,Digital,Older phone,72,70,2,3231.56,0,1
2025-01-14,East China,Issuer D,Digital,Watch,54,51,3,2285.19,0,1
2025-01-14,North China,Issuer A,Retail,Recent phone,55,54,1,1065.85,0,1
2025-01-14,North China,Issuer A,Retail,Older phone,53,53,0,1147.61,0,1
2025-01-14,North China,Issuer A,Retail,Watch,50,47,3,953.32,0,1
2025-01-14,North China,Issuer A,Dining,Recent phone,66,62,4,1675.49,0,1
2025-01-14,North China,Issuer A,Dining,Older phone,64,62,2,1656.56,0,1
2025-01-14,North China,Issuer A,Dining,Watch,56,56,0,1418.04,0,1
2025-01-14,North China,Issuer A,Transit,Recent phone,72,70,2,2412.97,0,1
2025-01-14,North China,Issuer A,Transit,Older phone,56,52,4,1849.01,0,1
2025-01-14,North China,Issuer A,Transit,Watch,53,50,3,1610.88,0,1
2025-01-14,North China,Issuer A,Grocery,Recent phone,78,73,5,2892.7,0,1
2025-01-14,North China,Issuer A,Grocery,Older phone,71,68,3,2755.58,0,1
2025-01-14,North China,Issuer A,Grocery,Watch,72,68,4,2902.57,0,1
2025-01-14,North China,Issuer A,Digital,Recent phone,82,80,2,3770.38,0,1
2025-01-14,North China,Issuer A,Digital,Older phone,71,70,1,3283.76,0,1
2025-01-14,North China,Issuer A,Digital,Watch,62,58,4,2808.23,0,1
2025-01-14,North China,Issuer B,Retail,Recent phone,59,59,0,1185.99,0,1
2025-01-14,North China,Issuer B,Retail,Older phone,56,53,3,1042.23,0,1
2025-01-14,North China,Issuer B,Retail,Watch,49,49,0,1041.94,0,1
2025-01-14,North China,Issuer B,Dining,Recent phone,73,70,3,1817.93,0,1
2025-01-14,North China,Issuer B,Dining,Older phone,56,55,1,1377.81,0,1
2025-01-14,North China,Issuer B,Dining,Watch,56,52,4,1371.12,0,1
2025-01-14,North China,Issuer B,Transit,Recent phone,73,70,3,2425.69,0,1
2025-01-14,North China,Issuer B,Transit,Older phone,61,57,4,1944.52,0,1
2025-01-14,North China,Issuer B,Transit,Watch,56,52,4,1799.53,0,1
2025-01-14,North China,Issuer B,Grocery,Recent phone,79,73,6,2987.4,0,1
2025-01-14,North China,Issuer B,Grocery,Older phone,71,68,3,2684.29,0,1
2025-01-14,North China,Issuer B,Grocery,Watch,61,58,3,2298.39,0,1
2025-01-14,North China,Issuer B,Digital,Recent phone,74,73,1,3370.92,0,1
2025-01-14,North China,Issuer B,Digital,Older phone,74,71,3,3532.41,0,1
2025-01-14,North China,Issuer B,Digital,Watch,76,72,4,3548.03,0,1
2025-01-14,North China,Issuer C,Retail,Recent phone,55,52,3,1112.55,0,1
2025-01-14,North China,Issuer C,Retail,Older phone,55,52,3,1084.7,0,1
2025-01-14,North China,Issuer C,Retail,Watch,48,45,3,891.76,0,1
2025-01-14,North China,Issuer C,Dining,Recent phone,69,66,3,1814.29,0,1
2025-01-14,North China,Issuer C,Dining,Older phone,67,64,3,1675.79,0,1
2025-01-14,North China,Issuer C,Dining,Watch,44,42,2,1102.72,0,1
2025-01-14,North China,Issuer C,Transit,Recent phone,62,60,2,2053.07,0,1
2025-01-14,North China,Issuer C,Transit,Older phone,64,63,1,2165.24,0,1
2025-01-14,North China,Issuer C,Transit,Watch,53,50,3,1728.81,0,1
2025-01-14,North China,Issuer C,Grocery,Recent phone,75,73,2,2849.77,0,1
2025-01-14,North China,Issuer C,Grocery,Older phone,68,66,2,2666.22,0,1
2025-01-14,North China,Issuer C,Grocery,Watch,58,54,4,2280.83,0,1
2025-01-14,North China,Issuer C,Digital,Recent phone,87,82,5,4099.16,0,1
2025-01-14,North China,Issuer C,Digital,Older phone,86,82,4,3872.02,0,1
2025-01-14,North China,Issuer C,Digital,Watch,63,60,3,2902.21,0,1
2025-01-14,North China,Issuer D,Retail,Recent phone,70,68,2,1460.39,0,1
2025-01-14,North China,Issuer D,Retail,Older phone,53,49,4,885.29,0,1
2025-01-14,North China,Issuer D,Retail,Watch,39,37,2,748.6,0,1
2025-01-14,North China,Issuer D,Dining,Recent phone,58,56,2,1480.38,0,1
2025-01-14,North China,Issuer D,Dining,Older phone,54,53,1,1451.84,0,1
2025-01-14,North China,Issuer D,Dining,Watch,60,57,3,1560.77,0,1
2025-01-14,North China,Issuer D,Transit,Recent phone,71,68,3,2282.23,0,1
2025-01-14,North China,Issuer D,Transit,Older phone,66,62,4,2022.05,0,1
2025-01-14,North China,Issuer D,Transit,Watch,65,61,4,1979.0,0,1
2025-01-14,North China,Issuer D,Grocery,Recent phone,72,70,2,2923.33,0,1
2025-01-14,North China,Issuer D,Grocery,Older phone,73,70,3,2984.15,0,1
2025-01-14,North China,Issuer D,Grocery,Watch,62,59,3,2485.0,0,1
2025-01-14,North China,Issuer D,Digital,Recent phone,82,79,3,3757.44,0,1
2025-01-14,North China,Issuer D,Digital,Older phone,77,73,4,3364.18,0,1
2025-01-14,North China,Issuer D,Digital,Watch,68,63,5,3006.57,0,1
2025-01-14,South China,Issuer A,Retail,Recent phone,78,76,2,1740.97,0,1
2025-01-14,South China,Issuer A,Retail,Older phone,62,60,2,1328.39,0,1
2025-01-14,South China,Issuer A,Retail,Watch,58,55,3,1273.64,0,1
2025-01-14,South China,Issuer A,Dining,Recent phone,70,68,2,1898.72,0,1
2025-01-14,South China,Issuer A,Dining,Older phone,66,64,2,1830.45,0,1
2025-01-14,South China,Issuer A,Dining,Watch,61,57,4,1731.11,0,1
2025-01-14,South China,Issuer A,Transit,Recent phone,75,74,1,2529.5,0,1
2025-01-14,South China,Issuer A,Transit,Older phone,79,76,3,2597.51,0,1
2025-01-14,South China,Issuer A,Transit,Watch,73,68,5,2402.96,0,1
2025-01-14,South China,Issuer A,Grocery,Recent phone,82,79,3,3487.56,0,1
2025-01-14,South China,Issuer A,Grocery,Older phone,74,72,2,3136.49,0,1
2025-01-14,South China,Issuer A,Grocery,Watch,64,60,4,2573.76,0,1
2025-01-14,South China,Issuer A,Digital,Recent phone,92,88,4,4536.18,0,1
2025-01-14,South China,Issuer A,Digital,Older phone,87,83,4,4217.75,0,1
2025-01-14,South China,Issuer A,Digital,Watch,72,68,4,3292.13,0,1
2025-01-14,South China,Issuer B,Retail,Recent phone,75,72,3,1475.54,0,1
2025-01-14,South China,Issuer B,Retail,Older phone,56,52,4,1110.52,0,1
2025-01-14,South China,Issuer B,Retail,Watch,52,50,2,1178.37,0,1
2025-01-14,South China,Issuer B,Dining,Recent phone,70,66,4,2014.44,0,1
2025-01-14,South China,Issuer B,Dining,Older phone,68,65,3,1963.56,0,1
2025-01-14,South China,Issuer B,Dining,Watch,59,57,2,1702.28,0,1
2025-01-14,South China,Issuer B,Transit,Recent phone,82,80,2,2962.38,0,1
2025-01-14,South China,Issuer B,Transit,Older phone,76,71,5,2529.82,0,1
2025-01-14,South China,Issuer B,Transit,Watch,56,54,2,1899.28,0,1
2025-01-14,South China,Issuer B,Grocery,Recent phone,80,76,4,3216.85,0,1
2025-01-14,South China,Issuer B,Grocery,Older phone,71,69,2,3076.16,0,1
2025-01-14,South China,Issuer B,Grocery,Watch,63,60,3,2521.85,0,1
2025-01-14,South China,Issuer B,Digital,Recent phone,82,78,4,3859.96,0,1
2025-01-14,South China,Issuer B,Digital,Older phone,80,75,5,3818.32,0,1
2025-01-14,South China,Issuer B,Digital,Watch,71,66,5,3411.02,0,1
2025-01-14,South China,Issuer C,Retail,Recent phone,63,61,2,1273.36,0,1
2025-01-14,South China,Issuer C,Retail,Older phone,62,58,4,1352.27,0,1
2025-01-14,South China,Issuer C,Retail,Watch,54,51,3,1029.68,0,1
2025-01-14,South China,Issuer C,Dining,Recent phone,68,65,3,1880.21,0,1
2025-01-14,South China,Issuer C,Dining,Older phone,65,61,4,1672.45,0,1
2025-01-14,South China,Issuer C,Dining,Watch,58,52,6,1434.42,0,1
2025-01-14,South China,Issuer C,Transit,Recent phone,72,69,3,2396.49,0,1
2025-01-14,South China,Issuer C,Transit,Older phone,74,71,3,2519.19,0,1
2025-01-14,South China,Issuer C,Transit,Watch,52,49,3,1760.02,0,1
2025-01-14,South China,Issuer C,Grocery,Recent phone,76,71,5,2977.56,0,1
2025-01-14,South China,Issuer C,Grocery,Older phone,69,67,2,2805.74,0,1
2025-01-14,South China,Issuer C,Grocery,Watch,73,69,4,2854.94,0,1
2025-01-14,South China,Issuer C,Digital,Recent phone,81,79,2,3945.31,0,1
2025-01-14,South China,Issuer C,Digital,Older phone,88,84,4,4117.64,0,1
2025-01-14,South China,Issuer C,Digital,Watch,74,70,4,3379.16,0,1
2025-01-14,South China,Issuer D,Retail,Recent phone,75,74,1,1704.11,0,1
2025-01-14,South China,Issuer D,Retail,Older phone,73,70,3,1493.08,0,1
2025-01-14,South China,Issuer D,Retail,Watch,58,55,3,1218.53,0,1
2025-01-14,South China,Issuer D,Dining,Recent phone,69,67,2,1884.18,0,1
2025-01-14,South China,Issuer D,Dining,Older phone,75,73,2,2004.24,0,1
2025-01-14,South China,Issuer D,Dining,Watch,59,57,2,1618.06,0,1
2025-01-14,South China,Issuer D,Transit,Recent phone,84,81,3,3077.71,0,1
2025-01-14,South China,Issuer D,Transit,Older phone,67,63,4,2195.29,0,1
2025-01-14,South China,Issuer D,Transit,Watch,75,70,5,2542.51,0,1
2025-01-14,South China,Issuer D,Grocery,Recent phone,87,82,5,3498.22,0,1
2025-01-14,South China,Issuer D,Grocery,Older phone,77,72,5,3083.42,0,1
2025-01-14,South China,Issuer D,Grocery,Watch,69,66,3,2948.92,0,1
2025-01-14,South China,Issuer D,Digital,Recent phone,87,84,3,4160.26,0,1
2025-01-14,South China,Issuer D,Digital,Older phone,89,83,6,4138.51,0,1
2025-01-14,South China,Issuer D,Digital,Watch,72,68,4,3293.52,0,1
2025-01-14,West China,Issuer A,Retail,Recent phone,67,64,3,1565.31,0,1
2025-01-14,West China,Issuer A,Retail,Older phone,74,70,4,1554.26,0,1
2025-01-14,West China,Issuer A,Retail,Watch,68,64,4,1575.58,0,1
2025-01-14,West China,Issuer A,Dining,Recent phone,73,70,3,2288.01,0,1
2025-01-14,West China,Issuer A,Dining,Older phone,74,70,4,2268.7,0,1
2025-01-14,West China,Issuer A,Dining,Watch,71,69,2,2232.61,0,1
2025-01-14,West China,Issuer A,Transit,Recent phone,94,89,5,3545.61,0,1
2025-01-14,West China,Issuer A,Transit,Older phone,76,72,4,2737.86,0,1
2025-01-14,West China,Issuer A,Transit,Watch,76,71,5,2830.08,0,1
2025-01-14,West China,Issuer A,Grocery,Recent phone,92,91,1,4206.05,0,1
2025-01-14,West China,Issuer A,Grocery,Older phone,83,76,7,3381.85,0,1
2025-01-14,West China,Issuer A,Grocery,Watch,73,70,3,3113.08,0,1
2025-01-14,West China,Issuer A,Digital,Recent phone,106,101,5,5384.45,0,1
2025-01-14,West China,Issuer A,Digital,Older phone,80,76,4,4045.95,0,1
2025-01-14,West China,Issuer A,Digital,Watch,87,82,5,4195.36,0,1
2025-01-14,West China,Issuer B,Retail,Recent phone,73,70,3,1766.03,0,1
2025-01-14,West China,Issuer B,Retail,Older phone,75,73,2,1886.0,0,1
2025-01-14,West China,Issuer B,Retail,Watch,67,62,5,1542.14,0,1
2025-01-14,West China,Issuer B,Dining,Recent phone,79,75,4,2268.41,0,1
2025-01-14,West China,Issuer B,Dining,Older phone,74,71,3,2244.76,0,1
2025-01-14,West China,Issuer B,Dining,Watch,73,70,3,2072.23,0,1
2025-01-14,West China,Issuer B,Transit,Recent phone,94,90,4,3363.3,0,1
2025-01-14,West China,Issuer B,Transit,Older phone,82,76,6,2821.51,0,1
2025-01-14,West China,Issuer B,Transit,Watch,80,76,4,2984.52,0,1
2025-01-14,West China,Issuer B,Grocery,Recent phone,85,82,3,3724.83,0,1
2025-01-14,West China,Issuer B,Grocery,Older phone,83,78,5,3581.13,0,1
2025-01-14,West China,Issuer B,Grocery,Watch,73,70,3,3050.7,0,1
2025-01-14,West China,Issuer B,Digital,Recent phone,96,93,3,4814.41,0,1
2025-01-14,West China,Issuer B,Digital,Older phone,98,94,4,4935.77,0,1
2025-01-14,West China,Issuer B,Digital,Watch,85,81,4,4140.03,0,1
2025-01-14,West China,Issuer C,Retail,Recent phone,80,76,4,1695.25,0,1
2025-01-14,West China,Issuer C,Retail,Older phone,77,73,4,1646.66,0,1
2025-01-14,West China,Issuer C,Retail,Watch,55,52,3,1319.03,0,1
2025-01-14,West China,Issuer C,Dining,Recent phone,77,75,2,2437.8,0,1
2025-01-14,West China,Issuer C,Dining,Older phone,68,63,5,1848.72,0,1
2025-01-14,West China,Issuer C,Dining,Watch,72,68,4,2112.45,0,1
2025-01-14,West China,Issuer C,Transit,Recent phone,91,87,4,3381.21,0,1
2025-01-14,West China,Issuer C,Transit,Older phone,83,78,5,2906.21,0,1
2025-01-14,West China,Issuer C,Transit,Watch,68,64,4,2476.34,0,1
2025-01-14,West China,Issuer C,Grocery,Recent phone,92,86,6,3862.12,0,1
2025-01-14,West China,Issuer C,Grocery,Older phone,87,82,5,3769.23,0,1
2025-01-14,West China,Issuer C,Grocery,Watch,81,77,4,3361.19,0,1
2025-01-14,West China,Issuer C,Digital,Recent phone,100,96,4,4824.91,0,1
2025-01-14,West China,Issuer C,Digital,Older phone,94,90,4,4769.69,0,1
2025-01-14,West China,Issuer C,Digital,Watch,85,80,5,4142.06,0,1
2025-01-14,West China,Issuer D,Retail,Recent phone,71,69,2,1678.52,0,1
2025-01-14,West China,Issuer D,Retail,Older phone,68,63,5,1448.76,0,1
2025-01-14,West China,Issuer D,Retail,Watch,58,54,4,1190.53,0,1
2025-01-14,West China,Issuer D,Dining,Recent phone,83,79,4,2606.91,0,1
2025-01-14,West China,Issuer D,Dining,Older phone,73,71,2,2279.11,0,1
2025-01-14,West China,Issuer D,Dining,Watch,66,64,2,2071.87,0,1
2025-01-14,West China,Issuer D,Transit,Recent phone,91,87,4,3179.13,0,1
2025-01-14,West China,Issuer D,Transit,Older phone,86,82,4,3037.46,0,1
2025-01-14,West China,Issuer D,Transit,Watch,71,69,2,2578.91,0,1
2025-01-14,West China,Issuer D,Grocery,Recent phone,93,89,4,3861.91,0,1
2025-01-14,West China,Issuer D,Grocery,Older phone,84,78,6,3537.08,0,1
2025-01-14,West China,Issuer D,Grocery,Watch,78,75,3,3236.43,0,1
2025-01-14,West China,Issuer D,Digital,Recent phone,98,93,5,4951.72,0,1
2025-01-14,West China,Issuer D,Digital,Older phone,88,83,5,4405.71,0,1
2025-01-14,West China,Issuer D,Digital,Watch,85,80,5,4022.1,0,1
